dataset,project,SampleID,branch,expected_barcode,expected_site_combo,threshold_nt,n_haplotypes_in_sample_branch,has_any_global_within_threshold,has_same_barcode_global_within_threshold,min_any_global_distance_nt,min_same_barcode_global_distance_nt,global_records_within_threshold_any_barcode,global_records_within_threshold_same_barcode
Australia,PRJNA1037681,SRR26779971,C4,AU_C4_like,G-A-T-A-T,5,1,True,True,1.0,1.0,342,312
Australia,PRJNA1037681,SRR26779974,C4,AU_C4_like,G-A-T-A-T,5,1,True,True,2.0,2.0,320,296
Australia,PRJNA1037681,SRR26779980,C4,AU_C4_like,G-A-T-A-T,5,1,True,True,0.0,0.0,355,316
Australia,PRJNA1037681,SRR26779981,C4,AU_C4_like,G-A-T-A-T,5,1,True,True,0.0,0.0,355,316
Australia,PRJNA1037681,SRR26779985,C4,AU_C4_like,G-A-T-A-T,5,1,True,True,0.0,0.0,355,316
Australia,PRJNA1037681,SRR26779994,C4,AU_C4_like,G-A-T-A-T,5,1,True,True,0.0,0.0,355,316
Australia,PRJNA1037681,SRR26780031,C4,AU_C4_like,G-A-T-A-T,5,1,True,True,0.0,0.0,355,316
Australia,PRJNA1037681,SRR26780034,C4,AU_C4_like,G-A-T-A-T,5,1,True,True,0.0,0.0,355,316
Australia,PRJNA1037681,SRR26780048,C4,AU_C4_like,G-A-T-A-T,5,1,True,True,1.0,1.0,342,312
Australia,PRJNA1037681,SRR26780067,C4,AU_C4_like,G-A-T-A-T,5,1,True,True,0.0,0.0,355,316
Australia,PRJNA1037681,SRR26780112,C4,AU_C4_like,G-A-T-A-T,5,1,True,True,0.0,0.0,355,316
Australia,PRJNA1037681,SRR26780119,C4,AU_C4_like,G-A-T-A-T,5,1,True,True,0.0,0.0,355,316
Australia,PRJNA1037681,SRR26780123,C4,AU_C4_like,G-A-T-A-T,5,1,True,True,0.0,0.0,355,316
Australia,PRJNA1037681,SRR26780126,C4,AU_C4_like,G-A-T-A-T,5,1,True,True,1.0,1.0,342,312
Australia,PRJNA1037681,SRR26780127,C4,AU_C4_like,G-A-T-A-T,5,1,True,True,0.0,0.0,355,316
Australia,PRJNA1037681,SRR26780146,C4,AU_C4_like,G-A-T-A-T,5,1,True,True,0.0,0.0,355,316
Australia,PRJNA1037681,SRR26780187,C4,AU_C4_like,G-A-T-A-T,5,1,True,True,0.0,0.0,355,316
Australia,PRJNA1037681,SRR26780205,C4,AU_C4_like,G-A-T-A-T,5,1,True,True,2.0,2.0,320,296
Australia,PRJNA1037681,SRR26780206,C4,AU_C4_like,G-A-T-A-T,5,1,True,True,0.0,0.0,355,316
Australia,PRJNA1037681,SRR26780211,C4,AU_C4_like,G-A-T-A-T,5,1,True,True,0.0,0.0,355,316
Australia,PRJNA1037681,SRR26780216,C4,AU_C4_like,G-A-T-A-T,5,1,True,True,1.0,1.0,342,312
Australia,PRJNA1037681,SRR26780219,C4,AU_C4_like,G-A-T-A-T,5,1,True,True,0.0,0.0,355,316
Australia,PRJNA1037681,SRR26780237,C4,AU_C4_like,G-A-T-A-T,5,1,True,True,0.0,0.0,355,316
Australia,PRJNA1037681,SRR26779971,C6,AU_C6_like,A-T-C-G-C,5,1,False,False,6.0,,0,0
Australia,PRJNA1037681,SRR26779974,C6,AU_C6_like,A-T-C-G-C,5,1,False,False,8.0,,0,0
Australia,PRJNA1037681,SRR26779980,C6,AU_C6_like,A-T-C-G-C,5,1,True,False,5.0,,75,0
Australia,PRJNA1037681,SRR26779981,C6,AU_C6_like,A-T-C-G-C,5,1,True,False,5.0,,75,0
Australia,PRJNA1037681,SRR26779985,C6,AU_C6_like,A-T-C-G-C,5,1,True,False,5.0,,75,0
Australia,PRJNA1037681,SRR26779994,C6,AU_C6_like,A-T-C-G-C,5,1,True,False,5.0,,75,0
Australia,PRJNA1037681,SRR26780031,C6,AU_C6_like,A-T-C-G-C,5,1,True,False,5.0,,75,0
Australia,PRJNA1037681,SRR26780034,C6,AU_C6_like,A-T-C-G-C,5,1,True,False,5.0,,75,0
Australia,PRJNA1037681,SRR26780048,C6,AU_C6_like,A-T-C-G-C,5,1,False,False,6.0,,0,0
Australia,PRJNA1037681,SRR26780067,C6,AU_C6_like,A-T-C-G-C,5,1,True,False,5.0,,75,0
Australia,PRJNA1037681,SRR26780112,C6,AU_C6_like,A-T-C-G-C,5,1,False,False,6.0,,0,0
Australia,PRJNA1037681,SRR26780119,C6,AU_C6_like,A-T-C-G-C,5,1,True,False,5.0,,75,0
Australia,PRJNA1037681,SRR26780123,C6,AU_C6_like,A-T-C-G-C,5,1,True,False,5.0,,75,0
Australia,PRJNA1037681,SRR26780126,C6,AU_C6_like,A-T-C-G-C,5,1,False,False,6.0,,0,0
Australia,PRJNA1037681,SRR26780127,C6,AU_C6_like,A-T-C-G-C,5,1,True,False,5.0,,75,0
Australia,PRJNA1037681,SRR26780146,C6,AU_C6_like,A-T-C-G-C,5,1,True,False,5.0,,75,0
Australia,PRJNA1037681,SRR26780187,C6,AU_C6_like,A-T-C-G-C,5,1,False,False,6.0,,0,0
Australia,PRJNA1037681,SRR26780205,C6,AU_C6_like,A-T-C-G-C,5,1,False,False,8.0,,0,0
Australia,PRJNA1037681,SRR26780206,C6,AU_C6_like,A-T-C-G-C,5,1,True,False,5.0,,75,0
Australia,PRJNA1037681,SRR26780211,C6,AU_C6_like,A-T-C-G-C,5,1,True,False,3.0,,274,0
Australia,PRJNA1037681,SRR26780216,C6,AU_C6_like,A-T-C-G-C,5,1,False,False,6.0,,0,0
Australia,PRJNA1037681,SRR26780219,C6,AU_C6_like,A-T-C-G-C,5,1,False,False,6.0,,0,0
Australia,PRJNA1037681,SRR26780237,C6,AU_C6_like,A-T-C-G-C,5,1,False,False,6.0,,0,0
United States,PRJNA1130896,SRR29679716,C18,US_C18_like,T-T,5,1,True,False,3.0,12.0,162,0
United States,PRJNA1130896,SRR29679723,C18,US_C18_like,T-T,5,1,True,False,2.0,11.0,261,0
United States,PRJNA1130896,SRR29679728,C18,US_C18_like,T-T,5,1,True,False,3.0,12.0,162,0
United States,PRJNA1130896,SRR29679729,C18,US_C18_like,T-T,5,1,True,False,2.0,12.0,165,0
United States,PRJNA1130896,SRR29679738,C18,US_C18_like,T-T,5,1,True,False,2.0,11.0,261,0
United States,PRJNA1130896,SRR29679814,C18,US_C18_like,T-T,5,1,True,False,2.0,12.0,165,0
United States,PRJNA1130896,SRR29679823,C18,US_C18_like,T-T,5,1,True,False,2.0,12.0,165,0
United States,PRJNA1130896,SRR29679837,C18,US_C18_like,T-T,5,1,True,False,2.0,11.0,261,0
United States,PRJNA1130896,SRR29679842,C18,US_C18_like,T-T,5,1,True,False,3.0,12.0,162,0
United States,PRJNA1130896,SRR29679851,C18,US_C18_like,T-T,5,1,True,False,2.0,11.0,261,0
United States,PRJNA1130896,SRR29679852,C18,US_C18_like,T-T,5,1,True,False,2.0,11.0,261,0
United States,PRJNA1130896,SRR29679854,C18,US_C18_like,T-T,5,1,True,False,2.0,12.0,165,0
United States,PRJNA1130896,SRR29679864,C18,US_C18_like,T-T,5,1,True,False,3.0,12.0,162,0
United States,PRJNA1130896,SRR29679874,C18,US_C18_like,T-T,5,1,True,False,2.0,12.0,165,0
United States,PRJNA1130896,SRR29692818,C18,US_C18_like,T-T,5,1,True,False,2.0,12.0,165,0
United States,PRJNA1130896,SRR29692831,C18,US_C18_like,T-T,5,1,True,False,2.0,12.0,165,0
United States,PRJNA1130896,SRR29692854,C18,US_C18_like,T-T,5,1,True,False,4.0,13.0,105,0
United States,PRJNA1130896,SRR29692857,C18,US_C18_like,T-T,5,1,True,False,2.0,11.0,261,0
United States,PRJNA1130896,SRR29692875,C18,US_C18_like,T-T,5,1,True,False,4.0,14.0,50,0
United States,PRJNA1130896,SRR29692889,C18,US_C18_like,T-T,5,1,True,False,2.0,12.0,165,0
United States,PRJNA1130896,SRR29692933,C18,US_C18_like,T-T,5,1,True,False,2.0,12.0,165,0
United States,PRJNA1130896,SRR29692939,C18,US_C18_like,T-T,5,1,True,False,2.0,11.0,261,0
United States,PRJNA1130896,SRR29692974,C18,US_C18_like,T-T,5,1,True,False,2.0,12.0,165,0
United States,PRJNA1130896,SRR29692985,C18,US_C18_like,T-T,5,1,True,False,2.0,11.0,261,0
United States,PRJNA1130896,SRR29692998,C18,US_C18_like,T-T,5,1,True,False,2.0,11.0,261,0
United States,PRJNA1130896,SRR29693058,C18,US_C18_like,T-T,5,1,True,False,2.0,11.0,261,0
United States,PRJNA1130896,SRR29679716,C21,US_C21_like,C-C,5,1,True,True,0.0,0.0,313,238
United States,PRJNA1130896,SRR29679723,C21,US_C21_like,C-C,5,1,True,True,0.0,0.0,313,238
United States,PRJNA1130896,SRR29679728,C21,US_C21_like,C-C,5,1,True,True,1.0,1.0,234,209
United States,PRJNA1130896,SRR29679729,C21,US_C21_like,C-C,5,1,True,True,0.0,0.0,235,210
United States,PRJNA1130896,SRR29679738,C21,US_C21_like,C-C,5,1,True,True,0.0,0.0,313,238
United States,PRJNA1130896,SRR29679814,C21,US_C21_like,C-C,5,1,True,True,0.0,0.0,235,210
United States,PRJNA1130896,SRR29679823,C21,US_C21_like,C-C,5,1,True,True,0.0,0.0,235,210
United States,PRJNA1130896,SRR29679837,C21,US_C21_like,C-C,5,1,True,True,0.0,0.0,313,238
United States,PRJNA1130896,SRR29679842,C21,US_C21_like,C-C,5,1,True,True,0.0,0.0,313,238
United States,PRJNA1130896,SRR29679851,C21,US_C21_like,C-C,5,1,True,True,0.0,0.0,313,238
United States,PRJNA1130896,SRR29679852,C21,US_C21_like,C-C,5,1,True,True,0.0,0.0,313,238
United States,PRJNA1130896,SRR29679854,C21,US_C21_like,C-C,5,1,True,True,0.0,0.0,235,210
United States,PRJNA1130896,SRR29679864,C21,US_C21_like,C-C,5,1,True,True,0.0,0.0,313,238
United States,PRJNA1130896,SRR29679874,C21,US_C21_like,C-C,5,1,True,True,0.0,0.0,235,210
United States,PRJNA1130896,SRR29692818,C21,US_C21_like,C-C,5,1,True,True,0.0,0.0,235,210
United States,PRJNA1130896,SRR29692831,C21,US_C21_like,C-C,5,1,True,True,0.0,0.0,235,210
United States,PRJNA1130896,SRR29692854,C21,US_C21_like,C-C,5,1,True,True,1.0,1.0,234,209
United States,PRJNA1130896,SRR29692857,C21,US_C21_like,C-C,5,1,True,True,1.0,1.0,234,209
United States,PRJNA1130896,SRR29692875,C21,US_C21_like,C-C,5,1,True,True,1.0,1.0,194,188
United States,PRJNA1130896,SRR29692889,C21,US_C21_like,C-C,5,1,True,True,0.0,0.0,235,210
United States,PRJNA1130896,SRR29692933,C21,US_C21_like,C-C,5,1,True,True,0.0,0.0,235,210
United States,PRJNA1130896,SRR29692939,C21,US_C21_like,C-C,5,1,True,True,0.0,0.0,313,238
United States,PRJNA1130896,SRR29692974,C21,US_C21_like,C-C,5,1,True,True,0.0,0.0,235,210
United States,PRJNA1130896,SRR29692985,C21,US_C21_like,C-C,5,2,True,True,0.0,0.0,313,238
United States,PRJNA1130896,SRR29692998,C21,US_C21_like,C-C,5,1,True,True,0.0,0.0,313,238
United States,PRJNA1130896,SRR29693058,C21,US_C21_like,C-C,5,1,True,True,0.0,0.0,313,238
