site_combo,global_records,branch,barcode_class
A-A-C-G-C,27,C4,other_complete
A-A-C-G-T,75,C4,other_complete
A-A-T-G-T,1,C4,other_complete
C-A-N-G-T,1,C4,other_complete
C-A-T-A-T,1,C4,other_complete
C-A-T-C-A,4,C4,other_complete
C-G-A-T-T,1,C4,other_complete
C-T-G-C-G,1,C4,other_complete
C-T-N-N-N,1,C4,other_complete
G-A-A-G-T,1,C4,other_complete
G-A-C-A-C,59,C4,other_complete
G-A-C-A-T,93,C4,other_complete
G-A-C-G-C,1196,C4,other_complete
G-A-C-G-N,2,C4,other_complete
G-A-C-G-T,6880,C4,other_complete
G-A-C-N-N,2,C4,other_complete
G-A-C-T-T,1,C4,other_complete
G-A-G-A-A,1,C4,other_complete
G-A-G-A-T,1,C4,other_complete
G-A-N-G-C,2,C4,other_complete
G-A-N-G-N,1,C4,other_complete
G-A-N-G-T,140,C4,other_complete
G-A-T-A-C,7,C4,other_complete
G-A-T-A-T,432,C4,AU_C4_like
G-A-T-G-C,122,C4,other_complete
G-A-T-G-N,3,C4,other_complete
G-A-T-G-T,2984,C4,other_complete
G-A-T-T-T,3,C4,other_complete
G-G-C-G-T,3,C4,other_complete
G-G-T-G-T,2,C4,other_complete
G-N-C-G-C,1,C4,other_complete
G-N-C-G-T,1,C4,other_complete
G-T-C-G-T,1,C4,other_complete
G-T-T-G-T,7,C4,other_complete
N-A-C-G-T,2,C4,other_complete
N-A-T-G-T,1,C4,other_complete
N-N-C-G-C,1,C4,other_complete
N-N-C-G-T,1,C4,other_complete
N-N-N-A-T,1,C4,other_complete
N-T-A-G-A,1,C4,other_complete
N-T-A-G-C,2,C4,other_complete
N-T-A-G-T,282,C4,other_complete
N-T-G-G-T,3,C4,other_complete
N-T-N-C-C,17,C4,other_complete
N-T-N-G-T,5,C4,other_complete
N-T-N-T-C,8,C4,other_complete
T-N-N-A-A,1,C4,other_complete
A-A-C-G-C,27,C6,other_complete
A-A-C-G-T,75,C6,other_complete
A-A-T-G-T,1,C6,other_complete
C-A-N-G-T,1,C6,other_complete
C-A-T-A-T,1,C6,other_complete
C-A-T-C-A,4,C6,other_complete
C-G-A-T-T,1,C6,other_complete
C-T-G-C-G,1,C6,other_complete
C-T-N-N-N,1,C6,other_complete
G-A-A-G-T,1,C6,other_complete
G-A-C-A-C,59,C6,other_complete
G-A-C-A-T,93,C6,other_complete
G-A-C-G-C,1196,C6,other_complete
G-A-C-G-N,2,C6,other_complete
G-A-C-G-T,6880,C6,other_complete
G-A-C-N-N,2,C6,other_complete
G-A-C-T-T,1,C6,other_complete
G-A-G-A-A,1,C6,other_complete
G-A-G-A-T,1,C6,other_complete
G-A-N-G-C,2,C6,other_complete
G-A-N-G-N,1,C6,other_complete
G-A-N-G-T,140,C6,other_complete
G-A-T-A-C,7,C6,other_complete
G-A-T-A-T,432,C6,other_complete
G-A-T-G-C,122,C6,other_complete
G-A-T-G-N,3,C6,other_complete
G-A-T-G-T,2984,C6,other_complete
G-A-T-T-T,3,C6,other_complete
G-G-C-G-T,3,C6,other_complete
G-G-T-G-T,2,C6,other_complete
G-N-C-G-C,1,C6,other_complete
G-N-C-G-T,1,C6,other_complete
G-T-C-G-T,1,C6,other_complete
G-T-T-G-T,7,C6,other_complete
N-A-C-G-T,2,C6,other_complete
N-A-T-G-T,1,C6,other_complete
N-N-C-G-C,1,C6,other_complete
N-N-C-G-T,1,C6,other_complete
N-N-N-A-T,1,C6,other_complete
N-T-A-G-A,1,C6,other_complete
N-T-A-G-C,2,C6,other_complete
N-T-A-G-T,282,C6,other_complete
N-T-G-G-T,3,C6,other_complete
N-T-N-C-C,17,C6,other_complete
N-T-N-G-T,5,C6,other_complete
N-T-N-T-C,8,C6,other_complete
T-N-N-A-A,1,C6,other_complete
A-A,284,C18,other_complete
A-G,1,C18,other_complete
A-N,2,C18,other_complete
A-T,6,C18,other_complete
C-A,1,C18,other_complete
C-C,462,C18,other_complete
C-T,3,C18,other_complete
G-A,6,C18,other_complete
G-T,1,C18,other_complete
N-A,27,C18,other_complete
N-C,4,C18,other_complete
N-N,1,C18,other_complete
N-T,6,C18,other_complete
T-A,2,C18,other_complete
T-C,7193,C18,other_complete
T-N,14,C18,other_complete
T-T,4369,C18,US_C18_like
A-A,284,C21,other_complete
A-G,1,C21,other_complete
A-N,2,C21,other_complete
A-T,6,C21,other_complete
C-A,1,C21,other_complete
C-C,462,C21,US_C21_like
C-T,3,C21,other_complete
G-A,6,C21,other_complete
G-T,1,C21,other_complete
N-A,27,C21,other_complete
N-C,4,C21,other_complete
N-N,1,C21,other_complete
N-T,6,C21,other_complete
T-A,2,C21,other_complete
T-C,7193,C21,other_complete
T-N,14,C21,other_complete
T-T,4369,C21,other_complete
