project,project_label,SampleID,global_short_label,position,Type,Reference,Allele,Count,Coverage,AF,Frequency,mutation_right_name,is_G,is_HVR2,aa_position,variant_class,filter,qual,sb
PRJNA1037681,Australia,SRR26779971,AU-S01,4821,SNV,C,T,204,4012,0.050847,5.084700000000001,C_4821_T,True,False,57,SNV,PASS,3798,0
PRJNA1037681,Australia,SRR26779971,AU-S01,5510,SNV,G,A,29,638,0.045455,4.5455000000000005,G_5510_A,True,True,287,SNV,PASS,424,0
PRJNA1037681,Australia,SRR26779971,AU-S01,5520,SNV,A,T,34,618,0.055016,5.5016,A_5520_T,True,True,290,SNV,PASS,622,0
PRJNA1037681,Australia,SRR26779971,AU-S01,5544,SNV,C,T,569,605,0.940496,94.0496,C_5544_T,True,True,298,SNV,PASS,20620,0
PRJNA1037681,Australia,SRR26779971,AU-S01,5558,SNV,G,A,580,608,0.953947,95.3947,G_5558_A,True,True,303,SNV,PASS,20810,0
PRJNA1037681,Australia,SRR26779971,AU-S01,5563,SNV,T,C,28,612,0.045752,4.5752,T_5563_C,True,True,304,SNV,PASS,545,0
PRJNA1037681,Australia,SRR26779973,AU-S28,5510,SNV,G,A,31,502,0.061753,6.1753,G_5510_A,True,True,287,SNV,PASS,487,0
PRJNA1037681,Australia,SRR26779973,AU-S28,5520,SNV,A,T,46,482,0.095436,9.543600000000001,A_5520_T,True,True,290,SNV,PASS,947,0
PRJNA1037681,Australia,SRR26779973,AU-S28,5544,SNV,C,T,367,419,0.875895,87.5895,C_5544_T,True,True,298,SNV,PASS,12899,0
PRJNA1037681,Australia,SRR26779973,AU-S28,5558,SNV,G,A,396,440,0.9,90.0,G_5558_A,True,True,303,SNV,PASS,13714,0
PRJNA1037681,Australia,SRR26779973,AU-S28,5563,SNV,T,C,38,424,0.089623,8.962299999999999,T_5563_C,True,True,304,SNV,PASS,733,0
PRJNA1037681,Australia,SRR26779973,AU-S28,5592,SNV,T,C,15,389,0.03856,3.856,T_5592_C,True,True,314,SNV,PASS,254,0
PRJNA1037681,Australia,SRR26779974,AU-S26,5491,SNV,T,C,1478,1528,0.967277,96.7277,T_5491_C,True,True,280,SNV,PASS,49314,0
PRJNA1037681,Australia,SRR26779974,AU-S26,5510,SNV,G,A,109,1678,0.064958,6.4958,G_5510_A,True,True,287,SNV,PASS,1754,0
PRJNA1037681,Australia,SRR26779974,AU-S26,5520,SNV,A,T,145,1549,0.093609,9.360899999999999,A_5520_T,True,True,290,SNV,PASS,2892,0
PRJNA1037681,Australia,SRR26779974,AU-S26,5544,SNV,C,T,1088,1231,0.883834,88.3834,C_5544_T,True,True,298,SNV,PASS,38047,0
PRJNA1037681,Australia,SRR26779974,AU-S26,5558,SNV,G,A,1022,1136,0.899648,89.9648,G_5558_A,True,True,303,SNV,PASS,35648,0
PRJNA1037681,Australia,SRR26779974,AU-S26,5563,SNV,T,C,102,1087,0.093836,9.3836,T_5563_C,True,True,304,SNV,PASS,1962,0
PRJNA1037681,Australia,SRR26779976,AU-S24,5460,SNV,C,T,598,623,0.959872,95.9872,C_5460_T,True,True,270,SNV,PASS,21214,0
PRJNA1037681,Australia,SRR26779976,AU-S24,5472,SNV,C,T,22,556,0.039568,3.9568,C_5472_T,True,True,274,SNV,PASS,354,0
PRJNA1037681,Australia,SRR26779976,AU-S24,5486,SNV,G,A,16,529,0.030246,3.0246,G_5486_A,True,True,279,SNV,PASS,239,0
PRJNA1037681,Australia,SRR26779976,AU-S24,5510,SNV,G,A,32,490,0.065306,6.530600000000001,G_5510_A,True,True,287,SNV,PASS,525,0
PRJNA1037681,Australia,SRR26779976,AU-S24,5519,SNV,C,A,424,464,0.913793,91.3793,C_5519_A,True,True,290,SNV,PASS,14673,0
PRJNA1037681,Australia,SRR26779976,AU-S24,5520,SNV,A,T,38,464,0.081897,8.1897,A_5520_T,True,True,290,SNV,PASS,666,0
PRJNA1037681,Australia,SRR26779976,AU-S24,5532,SNV,C,T,44,446,0.098655,9.8655,C_5532_T,True,True,294,SNV,PASS,838,0
PRJNA1037681,Australia,SRR26779976,AU-S24,5544,SNV,C,T,397,439,0.904328,90.4328,C_5544_T,True,True,298,SNV,PASS,13775,0
PRJNA1037681,Australia,SRR26779976,AU-S24,5558,SNV,G,A,417,457,0.912473,91.2473,G_5558_A,True,True,303,SNV,PASS,14728,0
PRJNA1037681,Australia,SRR26779976,AU-S24,5563,SNV,T,C,31,456,0.067982,6.7982000000000005,T_5563_C,True,True,304,SNV,PASS,581,0
PRJNA1037681,Australia,SRR26779980,AU-S18,5510,SNV,G,A,95,1917,0.049557,4.955699999999999,G_5510_A,True,True,287,SNV,PASS,1211,1
PRJNA1037681,Australia,SRR26779980,AU-S18,5520,SNV,A,T,88,1816,0.048458,4.8458000000000006,A_5520_T,True,True,290,SNV,PASS,1386,0
PRJNA1037681,Australia,SRR26779980,AU-S18,5544,SNV,C,T,1597,1679,0.951161,95.1161,C_5544_T,True,True,298,SNV,PASS,49314,0
PRJNA1037681,Australia,SRR26779980,AU-S18,5558,SNV,G,A,1699,1775,0.957183,95.7183,G_5558_A,True,True,303,SNV,PASS,49314,0
PRJNA1037681,Australia,SRR26779980,AU-S18,5563,SNV,T,C,74,1778,0.04162,4.162,T_5563_C,True,True,304,SNV,PASS,1099,0
PRJNA1037681,Australia,SRR26779981,AU-S27,5448,SNV,A,T,1316,1360,0.967647,96.7647,A_5448_T,True,True,266,SNV,PASS,46853,0
PRJNA1037681,Australia,SRR26779981,AU-S27,5472,SNV,C,T,38,1102,0.034483,3.4483,C_5472_T,True,True,274,SNV,PASS,585,0
PRJNA1037681,Australia,SRR26779981,AU-S27,5510,SNV,G,A,78,1114,0.070018,7.001799999999999,G_5510_A,True,True,287,SNV,PASS,1276,0
PRJNA1037681,Australia,SRR26779981,AU-S27,5520,SNV,A,T,108,1018,0.10609,10.609,A_5520_T,True,True,290,SNV,PASS,2192,0
PRJNA1037681,Australia,SRR26779981,AU-S27,5544,SNV,C,T,757,872,0.868119,86.8119,C_5544_T,True,True,298,SNV,PASS,26464,0
PRJNA1037681,Australia,SRR26779981,AU-S27,5558,SNV,G,A,766,855,0.895906,89.5906,G_5558_A,True,True,303,SNV,PASS,26515,0
PRJNA1037681,Australia,SRR26779981,AU-S27,5563,SNV,T,C,78,851,0.091657,9.165700000000001,T_5563_C,True,True,304,SNV,PASS,1473,0
PRJNA1037681,Australia,SRR26779985,AU-S29,5510,SNV,G,A,126,1712,0.073598,7.3598,G_5510_A,True,True,287,SNV,PASS,2120,0
PRJNA1037681,Australia,SRR26779985,AU-S29,5520,SNV,A,T,141,1582,0.089128,8.9128,A_5520_T,True,True,290,SNV,PASS,2705,0
PRJNA1037681,Australia,SRR26779985,AU-S29,5544,SNV,C,T,1118,1282,0.872075,87.20750000000001,C_5544_T,True,True,298,SNV,PASS,38182,0
PRJNA1037681,Australia,SRR26779985,AU-S29,5558,SNV,G,A,1145,1245,0.919679,91.9679,G_5558_A,True,True,303,SNV,PASS,40369,0
PRJNA1037681,Australia,SRR26779985,AU-S29,5563,SNV,T,C,87,1232,0.070617,7.0617,T_5563_C,True,True,304,SNV,PASS,1550,0
PRJNA1037681,Australia,SRR26779989,AU-S19,5510,SNV,G,A,44,479,0.091858,9.1858,G_5510_A,True,True,287,SNV,PASS,764,0
PRJNA1037681,Australia,SRR26779989,AU-S19,5520,SNV,A,T,32,452,0.070796,7.0796,A_5520_T,True,True,290,SNV,PASS,568,0
PRJNA1037681,Australia,SRR26779989,AU-S19,5544,SNV,C,T,325,359,0.905292,90.5292,C_5544_T,True,True,298,SNV,PASS,11412,0
PRJNA1037681,Australia,SRR26779989,AU-S19,5558,SNV,G,A,331,353,0.937677,93.7677,G_5558_A,True,True,303,SNV,PASS,11770,0
PRJNA1037681,Australia,SRR26779989,AU-S19,5563,SNV,T,C,20,337,0.059347,5.934699999999999,T_5563_C,True,True,304,SNV,PASS,327,0
PRJNA1037681,Australia,SRR26779989,AU-S19,5566,SNV,A,T,20,317,0.063091,6.309099999999999,A_5566_T,True,True,305,SNV,PASS,386,0
PRJNA1037681,Australia,SRR26779994,AU-S07,5510,SNV,G,A,26,815,0.031902,3.1902,G_5510_A,True,True,287,SNV,PASS,316,0
PRJNA1037681,Australia,SRR26779994,AU-S07,5520,SNV,A,T,40,799,0.050063,5.0063,A_5520_T,True,True,290,SNV,PASS,667,0
PRJNA1037681,Australia,SRR26779994,AU-S07,5544,SNV,C,T,667,714,0.934174,93.4174,C_5544_T,True,True,298,SNV,PASS,24118,0
PRJNA1037681,Australia,SRR26779994,AU-S07,5558,SNV,G,A,725,759,0.955204,95.52040000000001,G_5558_A,True,True,303,SNV,PASS,25830,0
PRJNA1037681,Australia,SRR26779994,AU-S07,5563,SNV,T,C,31,763,0.040629,4.0629,T_5563_C,True,True,304,SNV,PASS,542,0
PRJNA1037681,Australia,SRR26780031,AU-S35,5510,SNV,G,A,10,279,0.035842,3.5842,G_5510_A,True,True,287,SNV,PASS,128,2
PRJNA1037681,Australia,SRR26780031,AU-S35,5520,SNV,A,T,16,265,0.060377,6.0377,A_5520_T,True,True,290,SNV,PASS,301,0
PRJNA1037681,Australia,SRR26780031,AU-S35,5544,SNV,C,T,255,271,0.940959,94.0959,C_5544_T,True,True,298,SNV,PASS,9231,0
PRJNA1037681,Australia,SRR26780031,AU-S35,5558,SNV,G,A,265,275,0.963636,96.3636,G_5558_A,True,True,303,SNV,PASS,9534,0
PRJNA1037681,Australia,SRR26780031,AU-S35,5563,SNV,T,C,12,283,0.042403,4.2403,T_5563_C,True,True,304,SNV,PASS,197,0
PRJNA1037681,Australia,SRR26780033,AU-S31,5270,SNV,A,T,156,4295,0.036321,3.6321,A_5270_T,True,True,207,SNV,PASS,1677,0
PRJNA1037681,Australia,SRR26780033,AU-S31,5472,SNV,C,T,60,1846,0.032503,3.2502999999999997,C_5472_T,True,True,274,SNV,PASS,965,0
PRJNA1037681,Australia,SRR26780033,AU-S31,5510,SNV,G,A,155,1915,0.08094,8.094,G_5510_A,True,True,287,SNV,PASS,2578,0
PRJNA1037681,Australia,SRR26780033,AU-S31,5520,SNV,A,T,171,1857,0.092084,9.2084,A_5520_T,True,True,290,SNV,PASS,3415,0
PRJNA1037681,Australia,SRR26780033,AU-S31,5544,SNV,C,T,1413,1590,0.888679,88.8679,C_5544_T,True,True,298,SNV,PASS,49314,0
PRJNA1037681,Australia,SRR26780033,AU-S31,5558,SNV,G,A,1449,1592,0.910176,91.0176,G_5558_A,True,True,303,SNV,PASS,49314,0
PRJNA1037681,Australia,SRR26780033,AU-S31,5563,SNV,T,C,132,1568,0.084184,8.4184,T_5563_C,True,True,304,SNV,PASS,2530,0
PRJNA1037681,Australia,SRR26780034,AU-S20,5448,SNV,A,T,555,575,0.965217,96.5217,A_5448_T,True,True,266,SNV,PASS,19408,0
PRJNA1037681,Australia,SRR26780034,AU-S20,5510,SNV,G,A,26,542,0.04797,4.797,G_5510_A,True,True,287,SNV,PASS,352,0
PRJNA1037681,Australia,SRR26780034,AU-S20,5520,SNV,A,T,26,528,0.049242,4.9242,A_5520_T,True,True,290,SNV,PASS,435,0
PRJNA1037681,Australia,SRR26780034,AU-S20,5544,SNV,C,T,445,467,0.952891,95.2891,C_5544_T,True,True,298,SNV,PASS,16047,0
PRJNA1037681,Australia,SRR26780034,AU-S20,5558,SNV,G,A,457,479,0.954071,95.4071,G_5558_A,True,True,303,SNV,PASS,16309,0
PRJNA1037681,Australia,SRR26780034,AU-S20,5563,SNV,T,C,18,491,0.03666,3.666,T_5563_C,True,True,304,SNV,PASS,311,0
PRJNA1037681,Australia,SRR26780041,AU-S23,5448,SNV,A,T,2255,2330,0.967811,96.7811,A_5448_T,True,True,266,SNV,PASS,49314,0
PRJNA1037681,Australia,SRR26780041,AU-S23,5472,SNV,C,T,75,1804,0.041574,4.1574,C_5472_T,True,True,274,SNV,PASS,1216,0
PRJNA1037681,Australia,SRR26780041,AU-S23,5486,SNV,G,A,55,1668,0.032974,3.2974000000000006,G_5486_A,True,True,279,SNV,PASS,864,0
PRJNA1037681,Australia,SRR26780041,AU-S23,5491,SNV,T,C,1554,1606,0.967621,96.76209999999999,T_5491_C,True,True,280,SNV,PASS,49314,0
PRJNA1037681,Australia,SRR26780041,AU-S23,5510,SNV,G,A,98,1688,0.058057,5.8057,G_5510_A,True,True,287,SNV,PASS,1411,0
PRJNA1037681,Australia,SRR26780041,AU-S23,5520,SNV,A,T,144,1583,0.090967,9.0967,A_5520_T,True,True,290,SNV,PASS,2692,0
PRJNA1037681,Australia,SRR26780041,AU-S23,5544,SNV,C,T,1241,1391,0.892164,89.2164,C_5544_T,True,True,298,SNV,PASS,43476,0
PRJNA1037681,Australia,SRR26780041,AU-S23,5558,SNV,G,A,1238,1353,0.915004,91.5004,G_5558_A,True,True,303,SNV,PASS,43661,0
PRJNA1037681,Australia,SRR26780041,AU-S23,5563,SNV,T,C,106,1344,0.078869,7.8869,T_5563_C,True,True,304,SNV,PASS,1980,0
PRJNA1037681,Australia,SRR26780042,AU-S14,5510,SNV,G,A,30,516,0.05814,5.814,G_5510_A,True,True,287,SNV,PASS,449,0
PRJNA1037681,Australia,SRR26780042,AU-S14,5520,SNV,A,T,36,491,0.07332,7.332,A_5520_T,True,True,290,SNV,PASS,685,0
PRJNA1037681,Australia,SRR26780042,AU-S14,5544,SNV,C,T,441,483,0.913043,91.30430000000001,C_5544_T,True,True,298,SNV,PASS,15784,0
PRJNA1037681,Australia,SRR26780042,AU-S14,5558,SNV,G,A,512,543,0.94291,94.291,G_5558_A,True,True,303,SNV,PASS,18268,0
PRJNA1037681,Australia,SRR26780042,AU-S14,5563,SNV,T,C,28,552,0.050725,5.0725,T_5563_C,True,True,304,SNV,PASS,441,0
PRJNA1037681,Australia,SRR26780044,AU-S13,5520,SNV,A,T,20,527,0.037951,3.7950999999999997,A_5520_T,True,True,290,SNV,PASS,291,0
PRJNA1037681,Australia,SRR26780044,AU-S13,5534,SNV,G,A,22,472,0.04661,4.661,G_5534_A,True,True,295,SNV,PASS,391,0
PRJNA1037681,Australia,SRR26780044,AU-S13,5573,SNV,G,A,336,356,0.94382,94.382,G_5573_A,True,True,308,SNV,PASS,11930,0
PRJNA1037681,Australia,SRR26780046,AU-S10,4833,SNV,T,A,3771,8577,0.439664,43.9664,T_4833_A,True,False,61,SNV,PASS,49314,0
PRJNA1037681,Australia,SRR26780046,AU-S10,5520,SNV,A,T,38,1119,0.033959,3.3959,A_5520_T,True,True,290,SNV,PASS,555,0
PRJNA1037681,Australia,SRR26780046,AU-S10,5539,SNV,C,T,999,1046,0.955067,95.5067,C_5539_T,True,True,296,SNV,PASS,36138,0
PRJNA1037681,Australia,SRR26780046,AU-S10,5544,SNV,C,T,47,1059,0.044381,4.4380999999999995,C_5544_T,True,True,298,SNV,PASS,840,0
PRJNA1037681,Australia,SRR26780046,AU-S10,5563,SNV,T,C,921,973,0.946557,94.6557,T_5563_C,True,True,304,SNV,PASS,32078,0
PRJNA1037681,Australia,SRR26780048,AU-S25,5472,SNV,C,T,10,177,0.056497,5.6497,C_5472_T,True,True,274,SNV,PASS,167,0
PRJNA1037681,Australia,SRR26780048,AU-S25,5486,SNV,G,A,8,181,0.044199,4.4199,G_5486_A,True,True,279,SNV,PASS,148,0
PRJNA1037681,Australia,SRR26780048,AU-S25,5491,SNV,T,C,168,177,0.949153,94.9153,T_5491_C,True,True,280,SNV,PASS,5622,1
PRJNA1037681,Australia,SRR26780048,AU-S25,5510,SNV,G,A,10,192,0.052083,5.2082999999999995,G_5510_A,True,True,287,SNV,PASS,182,0
PRJNA1037681,Australia,SRR26780048,AU-S25,5520,SNV,A,T,14,186,0.075269,7.5269,A_5520_T,True,True,290,SNV,PASS,296,0
PRJNA1037681,Australia,SRR26780048,AU-S25,5544,SNV,C,T,154,172,0.895349,89.5349,C_5544_T,True,True,298,SNV,PASS,5606,0
PRJNA1037681,Australia,SRR26780048,AU-S25,5558,SNV,G,A,158,174,0.908046,90.80460000000001,G_5558_A,True,True,303,SNV,PASS,5486,0
PRJNA1037681,Australia,SRR26780048,AU-S25,5563,SNV,T,C,12,178,0.067416,6.7416,T_5563_C,True,True,304,SNV,PASS,260,0
PRJNA1037681,Australia,SRR26780048,AU-S25,5574,SNV,A,G,6,185,0.032432,3.2432000000000003,A_5574_G,True,True,308,SNV,PASS,102,0
PRJNA1037681,Australia,SRR26780050,AU-S11,5491,SNV,T,C,24,702,0.034188,3.4188000000000005,T_5491_C,True,True,280,SNV,PASS,365,0
PRJNA1037681,Australia,SRR26780050,AU-S11,5520,SNV,A,T,27,685,0.039416,3.9415999999999998,A_5520_T,True,True,290,SNV,PASS,406,0
PRJNA1037681,Australia,SRR26780050,AU-S11,5533,SNV,C,T,27,676,0.039941,3.9940999999999995,C_5533_T,True,True,294,SNV,PASS,493,0
PRJNA1037681,Australia,SRR26780050,AU-S11,5539,SNV,C,T,632,659,0.959029,95.9029,C_5539_T,True,True,296,SNV,PASS,22900,0
PRJNA1037681,Australia,SRR26780050,AU-S11,5544,SNV,C,T,27,674,0.040059,4.0059,C_5544_T,True,True,298,SNV,PASS,465,0
PRJNA1037681,Australia,SRR26780050,AU-S11,5563,SNV,T,C,597,624,0.956731,95.6731,T_5563_C,True,True,304,SNV,PASS,21125,0
PRJNA1037681,Australia,SRR26780067,AU-S04,5472,SNV,C,T,8,206,0.038835,3.8835,C_5472_T,True,True,274,SNV,PASS,129,0
PRJNA1037681,Australia,SRR26780067,AU-S04,5486,SNV,G,A,6,172,0.034884,3.4884,G_5486_A,True,True,279,SNV,PASS,90,0
PRJNA1037681,Australia,SRR26780067,AU-S04,5510,SNV,G,A,17,198,0.085859,8.5859,G_5510_A,True,True,287,SNV,PASS,302,0
PRJNA1037681,Australia,SRR26780067,AU-S04,5520,SNV,A,T,18,213,0.084507,8.4507,A_5520_T,True,True,290,SNV,PASS,322,0
PRJNA1037681,Australia,SRR26780067,AU-S04,5544,SNV,C,T,213,229,0.930131,93.01310000000001,C_5544_T,True,True,298,SNV,PASS,7707,0
PRJNA1037681,Australia,SRR26780067,AU-S04,5558,SNV,G,A,259,273,0.948718,94.8718,G_5558_A,True,True,303,SNV,PASS,9377,0
PRJNA1037681,Australia,SRR26780067,AU-S04,5563,SNV,T,C,12,273,0.043956,4.3956,T_5563_C,True,True,304,SNV,PASS,197,0
PRJNA1037681,Australia,SRR26780110,AU-S21,5539,SNV,C,T,1180,1225,0.963265,96.32650000000001,C_5539_T,True,True,296,SNV,PASS,42644,0
PRJNA1037681,Australia,SRR26780110,AU-S21,5544,SNV,C,T,42,1257,0.033413,3.3413,C_5544_T,True,True,298,SNV,PASS,666,0
PRJNA1037681,Australia,SRR26780110,AU-S21,5563,SNV,T,C,1222,1270,0.962205,96.2205,T_5563_C,True,True,304,SNV,PASS,43366,0
PRJNA1037681,Australia,SRR26780112,AU-S34,5472,SNV,C,T,16,432,0.037037,3.7037,C_5472_T,True,True,274,SNV,PASS,270,0
PRJNA1037681,Australia,SRR26780112,AU-S34,5491,SNV,T,C,402,418,0.961722,96.1722,T_5491_C,True,True,280,SNV,PASS,13583,0
PRJNA1037681,Australia,SRR26780112,AU-S34,5510,SNV,G,A,34,499,0.068136,6.8136,G_5510_A,True,True,287,SNV,PASS,499,0
PRJNA1037681,Australia,SRR26780112,AU-S34,5520,SNV,A,T,42,491,0.08554,8.554,A_5520_T,True,True,290,SNV,PASS,831,0
PRJNA1037681,Australia,SRR26780112,AU-S34,5544,SNV,C,T,390,442,0.882353,88.23530000000001,C_5544_T,True,True,298,SNV,PASS,13595,0
PRJNA1037681,Australia,SRR26780112,AU-S34,5558,SNV,G,A,422,462,0.91342,91.342,G_5558_A,True,True,303,SNV,PASS,15044,0
PRJNA1037681,Australia,SRR26780112,AU-S34,5563,SNV,T,C,34,462,0.073593,7.3593,T_5563_C,True,True,304,SNV,PASS,658,0
PRJNA1037681,Australia,SRR26780115,AU-S30,4821,SNV,C,T,3145,6644,0.473359,47.335899999999995,C_4821_T,True,False,57,SNV,PASS,49314,0
PRJNA1037681,Australia,SRR26780115,AU-S30,5448,SNV,A,T,1783,1839,0.969549,96.9549,A_5448_T,True,True,266,SNV,PASS,49314,0
PRJNA1037681,Australia,SRR26780115,AU-S30,5510,SNV,G,A,91,1587,0.057341,5.734100000000001,G_5510_A,True,True,287,SNV,PASS,1436,0
PRJNA1037681,Australia,SRR26780115,AU-S30,5520,SNV,A,T,112,1565,0.071565,7.1565,A_5520_T,True,True,290,SNV,PASS,2080,0
PRJNA1037681,Australia,SRR26780115,AU-S30,5544,SNV,C,T,1305,1413,0.923567,92.3567,C_5544_T,True,True,298,SNV,PASS,46865,0
PRJNA1037681,Australia,SRR26780115,AU-S30,5558,SNV,G,A,1352,1434,0.942817,94.2817,G_5558_A,True,True,303,SNV,PASS,48518,0
PRJNA1037681,Australia,SRR26780115,AU-S30,5563,SNV,T,C,78,1405,0.055516,5.5516000000000005,T_5563_C,True,True,304,SNV,PASS,1398,0
PRJNA1037681,Australia,SRR26780117,AU-S36,5467,SNV,C,T,16,498,0.032129,3.2129,C_5467_T,True,True,272,SNV,PASS,277,0
PRJNA1037681,Australia,SRR26780119,AU-S22,5510,SNV,G,A,42,827,0.050786,5.0786,G_5510_A,True,True,287,SNV,PASS,557,0
PRJNA1037681,Australia,SRR26780119,AU-S22,5520,SNV,A,T,52,767,0.067797,6.7797,A_5520_T,True,True,290,SNV,PASS,953,0
PRJNA1037681,Australia,SRR26780119,AU-S22,5544,SNV,C,T,653,707,0.923621,92.3621,C_5544_T,True,True,298,SNV,PASS,23481,0
PRJNA1037681,Australia,SRR26780119,AU-S22,5558,SNV,G,A,691,728,0.949176,94.91760000000001,G_5558_A,True,True,303,SNV,PASS,25127,0
PRJNA1037681,Australia,SRR26780119,AU-S22,5563,SNV,T,C,30,726,0.041322,4.1322,T_5563_C,True,True,304,SNV,PASS,554,0
PRJNA1037681,Australia,SRR26780123,AU-S15,5510,SNV,G,A,48,981,0.04893,4.893,G_5510_A,True,True,287,SNV,PASS,606,0
PRJNA1037681,Australia,SRR26780123,AU-S15,5520,SNV,A,T,58,931,0.062299,6.2299,A_5520_T,True,True,290,SNV,PASS,981,0
PRJNA1037681,Australia,SRR26780123,AU-S15,5544,SNV,C,T,848,900,0.942222,94.2222,C_5544_T,True,True,298,SNV,PASS,30342,0
PRJNA1037681,Australia,SRR26780126,AU-S16,5510,SNV,G,A,28,366,0.076503,7.6503000000000005,G_5510_A,True,True,287,SNV,PASS,464,0
PRJNA1037681,Australia,SRR26780126,AU-S16,5520,SNV,A,T,32,322,0.099379,9.937899999999999,A_5520_T,True,True,290,SNV,PASS,614,0
PRJNA1037681,Australia,SRR26780126,AU-S16,5544,SNV,C,T,270,299,0.90301,90.301,C_5544_T,True,True,298,SNV,PASS,9525,0
PRJNA1037681,Australia,SRR26780126,AU-S16,5558,SNV,G,A,313,339,0.923304,92.3304,G_5558_A,True,True,303,SNV,PASS,11049,0
PRJNA1037681,Australia,SRR26780126,AU-S16,5563,SNV,T,C,26,341,0.076246,7.624599999999999,T_5563_C,True,True,304,SNV,PASS,456,0
PRJNA1037681,Australia,SRR26780127,AU-S17,5472,SNV,C,T,12,304,0.039474,3.9474,C_5472_T,True,True,274,SNV,PASS,178,0
PRJNA1037681,Australia,SRR26780127,AU-S17,5491,SNV,T,C,277,288,0.961806,96.1806,T_5491_C,True,True,280,SNV,PASS,9465,0
PRJNA1037681,Australia,SRR26780127,AU-S17,5510,SNV,G,A,24,331,0.072508,7.2508,G_5510_A,True,True,287,SNV,PASS,349,0
PRJNA1037681,Australia,SRR26780127,AU-S17,5520,SNV,A,T,22,301,0.07309,7.309,A_5520_T,True,True,290,SNV,PASS,451,0
PRJNA1037681,Australia,SRR26780127,AU-S17,5544,SNV,C,T,255,277,0.920578,92.0578,C_5544_T,True,True,298,SNV,PASS,9209,0
PRJNA1037681,Australia,SRR26780127,AU-S17,5558,SNV,G,A,254,274,0.927007,92.7007,G_5558_A,True,True,303,SNV,PASS,9043,0
PRJNA1037681,Australia,SRR26780127,AU-S17,5563,SNV,T,C,20,277,0.072202,7.2202,T_5563_C,True,True,304,SNV,PASS,408,0
PRJNA1037681,Australia,SRR26780146,AU-S03,5510,SNV,G,A,78,1502,0.051931,5.193099999999999,G_5510_A,True,True,287,SNV,PASS,1216,0
PRJNA1037681,Australia,SRR26780146,AU-S03,5520,SNV,A,T,102,1554,0.065637,6.5637,A_5520_T,True,True,290,SNV,PASS,1929,0
PRJNA1037681,Australia,SRR26780146,AU-S03,5544,SNV,C,T,1497,1593,0.939736,93.9736,C_5544_T,True,True,298,SNV,PASS,49314,0
PRJNA1037681,Australia,SRR26780146,AU-S03,5558,SNV,G,A,1680,1764,0.952381,95.2381,G_5558_A,True,True,303,SNV,PASS,49314,0
PRJNA1037681,Australia,SRR26780146,AU-S03,5563,SNV,T,C,80,1785,0.044818,4.4818,T_5563_C,True,True,304,SNV,PASS,1348,0
PRJNA1037681,Australia,SRR26780187,AU-S02,5510,SNV,G,A,90,1951,0.04613,4.6129999999999995,G_5510_A,True,True,287,SNV,PASS,1306,0
PRJNA1037681,Australia,SRR26780187,AU-S02,5520,SNV,A,T,86,1872,0.04594,4.594,A_5520_T,True,True,290,SNV,PASS,1440,0
PRJNA1037681,Australia,SRR26780187,AU-S02,5544,SNV,C,T,1677,1775,0.944789,94.4789,C_5544_T,True,True,298,SNV,PASS,49314,0
PRJNA1037681,Australia,SRR26780187,AU-S02,5558,SNV,G,A,1567,1648,0.95085,95.085,G_5558_A,True,True,303,SNV,PASS,49314,0
PRJNA1037681,Australia,SRR26780187,AU-S02,5563,SNV,T,C,77,1609,0.047856,4.7856000000000005,T_5563_C,True,True,304,SNV,PASS,1399,0
PRJNA1037681,Australia,SRR26780205,AU-S32,5510,SNV,G,A,12,337,0.035608,3.5608,G_5510_A,True,True,287,SNV,PASS,198,0
PRJNA1037681,Australia,SRR26780205,AU-S32,5520,SNV,A,T,18,323,0.055728,5.5728,A_5520_T,True,True,290,SNV,PASS,369,0
PRJNA1037681,Australia,SRR26780205,AU-S32,5544,SNV,C,T,292,314,0.929936,92.9936,C_5544_T,True,True,298,SNV,PASS,10412,0
PRJNA1037681,Australia,SRR26780205,AU-S32,5558,SNV,G,A,321,339,0.946903,94.69030000000001,G_5558_A,True,True,303,SNV,PASS,11780,0
PRJNA1037681,Australia,SRR26780205,AU-S32,5563,SNV,T,C,14,351,0.039886,3.9886,T_5563_C,True,True,304,SNV,PASS,263,0
PRJNA1037681,Australia,SRR26780206,AU-S33,5510,SNV,G,A,100,2186,0.045746,4.5746,G_5510_A,True,True,287,SNV,PASS,1307,0
PRJNA1037681,Australia,SRR26780206,AU-S33,5520,SNV,A,T,136,2236,0.060823,6.0823,A_5520_T,True,True,290,SNV,PASS,2398,0
PRJNA1037681,Australia,SRR26780206,AU-S33,5544,SNV,C,T,2138,2300,0.929565,92.95649999999999,C_5544_T,True,True,298,SNV,PASS,49314,0
PRJNA1037681,Australia,SRR26780206,AU-S33,5558,SNV,G,A,2451,2566,0.955183,95.5183,G_5558_A,True,True,303,SNV,PASS,49314,0
PRJNA1037681,Australia,SRR26780206,AU-S33,5563,SNV,T,C,106,2649,0.040015,4.0015,T_5563_C,True,True,304,SNV,PASS,1881,0
PRJNA1037681,Australia,SRR26780211,AU-S12,5510,SNV,G,A,28,693,0.040404,4.0404,G_5510_A,True,True,287,SNV,PASS,372,0
PRJNA1037681,Australia,SRR26780211,AU-S12,5520,SNV,A,T,29,688,0.042151,4.2151000000000005,A_5520_T,True,True,290,SNV,PASS,493,0
PRJNA1037681,Australia,SRR26780211,AU-S12,5544,SNV,C,T,690,729,0.946502,94.6502,C_5544_T,True,True,298,SNV,PASS,25052,0
PRJNA1037681,Australia,SRR26780211,AU-S12,5558,SNV,G,A,688,712,0.966292,96.6292,G_5558_A,True,True,303,SNV,PASS,25208,0
PRJNA1037681,Australia,SRR26780216,AU-S06,5510,SNV,G,A,45,1144,0.039336,3.9336,G_5510_A,True,True,287,SNV,PASS,601,0
PRJNA1037681,Australia,SRR26780216,AU-S06,5520,SNV,A,T,54,1082,0.049908,4.9908,A_5520_T,True,True,290,SNV,PASS,914,0
PRJNA1037681,Australia,SRR26780216,AU-S06,5544,SNV,C,T,923,981,0.940877,94.0877,C_5544_T,True,True,298,SNV,PASS,33770,0
PRJNA1037681,Australia,SRR26780216,AU-S06,5558,SNV,G,A,875,927,0.943905,94.3905,G_5558_A,True,True,303,SNV,PASS,31375,0
PRJNA1037681,Australia,SRR26780216,AU-S06,5563,SNV,T,C,45,896,0.050223,5.0222999999999995,T_5563_C,True,True,304,SNV,PASS,654,0
PRJNA1037681,Australia,SRR26780217,AU-S08,5510,SNV,G,A,76,1568,0.048469,4.8469,G_5510_A,True,True,287,SNV,PASS,1056,0
PRJNA1037681,Australia,SRR26780217,AU-S08,5520,SNV,A,T,84,1504,0.055851,5.5851,A_5520_T,True,True,290,SNV,PASS,1332,0
PRJNA1037681,Australia,SRR26780217,AU-S08,5544,SNV,C,T,1315,1404,0.93661,93.661,C_5544_T,True,True,298,SNV,PASS,47336,0
PRJNA1037681,Australia,SRR26780217,AU-S08,5558,SNV,G,A,1351,1422,0.95007,95.00699999999999,G_5558_A,True,True,303,SNV,PASS,48275,0
PRJNA1037681,Australia,SRR26780217,AU-S08,5563,SNV,T,C,71,1408,0.050426,5.0426,T_5563_C,True,True,304,SNV,PASS,1132,0
PRJNA1037681,Australia,SRR26780219,AU-S09,5099,SNV,C,A,941,976,0.964139,96.4139,C_5099_A,True,False,150,SNV,PASS,31913,0
PRJNA1037681,Australia,SRR26780219,AU-S09,5520,SNV,A,T,51,1608,0.031716,3.1716,A_5520_T,True,True,290,SNV,PASS,785,0
PRJNA1037681,Australia,SRR26780219,AU-S09,5544,SNV,C,T,1548,1616,0.957921,95.7921,C_5544_T,True,True,298,SNV,PASS,49314,0
PRJNA1037681,Australia,SRR26780237,AU-S37,5270,SNV,A,T,197,6054,0.03254,3.254,A_5270_T,True,True,207,SNV,PASS,2595,0
PRJNA1037681,Australia,SRR26780237,AU-S37,5510,SNV,G,A,164,2620,0.062595,6.2595,G_5510_A,True,True,287,SNV,PASS,2390,0
PRJNA1037681,Australia,SRR26780237,AU-S37,5520,SNV,A,T,193,2556,0.075509,7.5509,A_5520_T,True,True,290,SNV,PASS,3443,0
PRJNA1037681,Australia,SRR26780237,AU-S37,5544,SNV,C,T,2226,2408,0.924419,92.4419,C_5544_T,True,True,298,SNV,PASS,49314,0
PRJNA1037681,Australia,SRR26780237,AU-S37,5558,SNV,G,A,2315,2464,0.939529,93.9529,G_5558_A,True,True,303,SNV,PASS,49314,0
PRJNA1037681,Australia,SRR26780237,AU-S37,5563,SNV,T,C,128,2443,0.052395,5.2395,T_5563_C,True,True,304,SNV,PASS,2166,0
PRJNA1130896,United States,SRR29679704,US-S33,5512,SNV,A,G,1397,1600,0.873125,87.3125,A_5512_G,True,True,287,SNV,PASS,44257,79
PRJNA1130896,United States,SRR29679704,US-S33,5529,SNV,C,T,198,1682,0.117717,11.771700000000001,C_5529_T,True,True,293,SNV,PASS,3268,50
PRJNA1130896,United States,SRR29679704,US-S33,5533,SNV,C,A,200,1727,0.115808,11.5808,C_5533_A,True,True,294,SNV,PASS,3065,40
PRJNA1130896,United States,SRR29679704,US-S33,5559,SNV,T,C,1308,1507,0.86795,86.795,T_5559_C,True,True,303,SNV,PASS,41048,1
PRJNA1130896,United States,SRR29679704,US-S33,5561,SNV,T,C,1225,1423,0.860857,86.0857,T_5561_C,True,True,304,SNV,PASS,39012,5
PRJNA1130896,United States,SRR29679706,US-S28,5520,SNV,A,T,1321,7693,0.171715,17.1715,A_5520_T,True,True,290,SNV,PASS,18877,343
PRJNA1130896,United States,SRR29679706,US-S28,5544,SNV,C,T,6538,7852,0.832654,83.2654,C_5544_T,True,True,298,SNV,PASS,49314,220
PRJNA1130896,United States,SRR29679706,US-S28,5561,SNV,T,C,5600,6907,0.810772,81.0772,T_5561_C,True,True,304,SNV,PASS,49314,496
PRJNA1130896,United States,SRR29679709,US-S26,5507,SNV,G,A,150,3051,0.049164,4.9164,G_5507_A,True,True,286,SNV,PASS,1407,2
PRJNA1130896,United States,SRR29679709,US-S26,5512,SNV,A,G,2954,3414,0.865261,86.5261,A_5512_G,True,True,287,SNV,PASS,49314,23
PRJNA1130896,United States,SRR29679709,US-S26,5533,SNV,C,A,666,3747,0.177742,17.7742,C_5533_A,True,True,294,SNV,PASS,13510,43
PRJNA1130896,United States,SRR29679709,US-S26,5550,SNV,C,T,649,3386,0.191672,19.1672,C_5550_T,True,True,300,SNV,PASS,13853,76
PRJNA1130896,United States,SRR29679709,US-S26,5559,SNV,T,C,2437,3086,0.789695,78.96950000000001,T_5559_C,True,True,303,SNV,PASS,49314,36
PRJNA1130896,United States,SRR29679709,US-S26,5561,SNV,T,C,2268,2917,0.777511,77.7511,T_5561_C,True,True,304,SNV,PASS,49314,59
PRJNA1130896,United States,SRR29679709,US-S26,5563,SNV,T,C,641,3488,0.183773,18.377299999999998,T_5563_C,True,True,304,SNV,PASS,12657,242
PRJNA1130896,United States,SRR29679712,US-S24,4818,SNV,T,C,1799,40678,0.044225,4.4225,T_4818_C,True,False,56,SNV,PASS,22546,6
PRJNA1130896,United States,SRR29679712,US-S24,5529,SNV,C,T,578,3702,0.156132,15.613199999999999,C_5529_T,True,True,293,SNV,PASS,10938,19
PRJNA1130896,United States,SRR29679712,US-S24,5539,SNV,C,T,541,3960,0.136616,13.661599999999998,C_5539_T,True,True,296,SNV,PASS,10141,32
PRJNA1130896,United States,SRR29679712,US-S24,5563,SNV,T,C,2729,3249,0.839951,83.9951,T_5563_C,True,True,304,SNV,PASS,49314,29
PRJNA1130896,United States,SRR29679712,US-S24,5573,SNV,G,A,3196,3554,0.899268,89.9268,G_5573_A,True,True,308,SNV,PASS,49314,3
PRJNA1130896,United States,SRR29679716,US-S23,5531,SNV,T,C,1719,1890,0.909524,90.9524,T_5531_C,True,True,294,SNV,PASS,49314,48
PRJNA1130896,United States,SRR29679716,US-S23,5561,SNV,T,C,1445,1596,0.905388,90.5388,T_5561_C,True,True,304,SNV,PASS,45212,45
PRJNA1130896,United States,SRR29679716,US-S23,5609,SNV,A,G,885,965,0.917098,91.7098,A_5609_G,True,True,320,SNV,PASS,27592,469
PRJNA1130896,United States,SRR29679720,US-S09,5520,SNV,A,T,190,1213,0.156636,15.663599999999999,A_5520_T,True,True,290,SNV,PASS,2668,4
PRJNA1130896,United States,SRR29679720,US-S09,5534,SNV,G,A,194,1374,0.141194,14.119399999999999,G_5534_A,True,True,295,SNV,PASS,3490,7
PRJNA1130896,United States,SRR29679720,US-S09,5539,SNV,C,T,1184,1385,0.854874,85.48740000000001,C_5539_T,True,True,296,SNV,PASS,32952,6
PRJNA1130896,United States,SRR29679720,US-S09,5544,SNV,C,T,1257,1456,0.863324,86.33239999999999,C_5544_T,True,True,298,SNV,PASS,38314,0
PRJNA1130896,United States,SRR29679721,US-S10,5511,SNV,A,C,681,8288,0.082167,8.216700000000001,A_5511_C,True,True,287,SNV,PASS,9664,771
PRJNA1130896,United States,SRR29679721,US-S10,5527,SNV,C,T,6056,6757,0.896256,89.6256,C_5527_T,True,True,292,SNV,PASS,49314,783
PRJNA1130896,United States,SRR29679721,US-S10,5528,SNV,A,G,696,6769,0.102822,10.2822,A_5528_G,True,True,293,SNV,PASS,9567,782
PRJNA1130896,United States,SRR29679721,US-S10,5530,SNV,C,T,5787,6513,0.888531,88.8531,C_5530_T,True,True,293,SNV,PASS,49314,715
PRJNA1130896,United States,SRR29679721,US-S10,5561,SNV,T,C,3491,4171,0.83697,83.697,T_5561_C,True,True,304,SNV,PASS,49314,523
PRJNA1130896,United States,SRR29679721,US-S10,5572,SNV,C,T,2629,3152,0.834074,83.4074,C_5572_T,True,True,307,SNV,PASS,49314,354
PRJNA1130896,United States,SRR29679721,US-S10,5575,SNV,G,T,138,2779,0.049658,4.9658,G_5575_T,True,True,308,SNV,PASS,1154,15
PRJNA1130896,United States,SRR29679723,US-S08,5531,SNV,T,C,6714,7524,0.892344,89.23440000000001,T_5531_C,True,True,294,SNV,PASS,49314,297
PRJNA1130896,United States,SRR29679723,US-S08,5561,SNV,T,C,6264,7045,0.889141,88.91409999999999,T_5561_C,True,True,304,SNV,PASS,49314,105
PRJNA1130896,United States,SRR29679728,US-S06,5235,SNV,G,A,4438,5027,0.882833,88.2833,G_5235_A,True,False,195,SNV,PASS,49314,23
PRJNA1130896,United States,SRR29679728,US-S06,5531,SNV,T,C,3310,3752,0.882196,88.2196,T_5531_C,True,True,294,SNV,PASS,49314,99
PRJNA1130896,United States,SRR29679728,US-S06,5561,SNV,T,C,2755,3185,0.864992,86.4992,T_5561_C,True,True,304,SNV,PASS,49314,15
PRJNA1130896,United States,SRR29679729,US-S05,5531,SNV,T,C,4761,5575,0.853991,85.39909999999999,T_5531_C,True,True,294,SNV,PASS,49314,0
PRJNA1130896,United States,SRR29679729,US-S05,5561,SNV,T,C,3922,4717,0.831461,83.1461,T_5561_C,True,True,304,SNV,PASS,49314,42
PRJNA1130896,United States,SRR29679731,US-S03,5520,SNV,A,T,1086,6794,0.159847,15.984699999999998,A_5520_T,True,True,290,SNV,PASS,15723,42
PRJNA1130896,United States,SRR29679731,US-S03,5521,SNV,C,T,1086,6824,0.159144,15.9144,C_5521_T,True,True,290,SNV,PASS,19147,47
PRJNA1130896,United States,SRR29679731,US-S03,5549,SNV,C,T,1070,7654,0.139796,13.9796,C_5549_T,True,True,300,SNV,PASS,17533,3
PRJNA1130896,United States,SRR29679732,US-S04,5537,SNV,G,A,12078,13181,0.916319,91.6319,G_5537_A,True,True,296,SNV,PASS,49314,360
PRJNA1130896,United States,SRR29679732,US-S04,5547,SNV,G,A,12062,13200,0.913788,91.3788,G_5547_A,True,True,299,SNV,PASS,49314,465
PRJNA1130896,United States,SRR29679732,US-S04,5561,SNV,T,C,11320,12423,0.911213,91.1213,T_5561_C,True,True,304,SNV,PASS,49314,321
PRJNA1130896,United States,SRR29679732,US-S04,5609,SNV,A,G,9496,10097,0.940477,94.0477,A_5609_G,True,True,320,SNV,PASS,49314,2214
PRJNA1130896,United States,SRR29679737,US-S32,5512,SNV,A,G,16439,18962,0.866944,86.6944,A_5512_G,True,True,287,SNV,PASS,49314,310
PRJNA1130896,United States,SRR29679737,US-S32,5533,SNV,C,A,2471,19957,0.123816,12.381599999999999,C_5533_A,True,True,294,SNV,PASS,40817,242
PRJNA1130896,United States,SRR29679737,US-S32,5540,SNV,T,C,2462,19388,0.126986,12.698599999999999,T_5540_C,True,True,297,SNV,PASS,42568,164
PRJNA1130896,United States,SRR29679737,US-S32,5559,SNV,T,C,16184,18600,0.870108,87.0108,T_5559_C,True,True,303,SNV,PASS,49314,23
PRJNA1130896,United States,SRR29679737,US-S32,5561,SNV,T,C,15482,17898,0.865013,86.5013,T_5561_C,True,True,304,SNV,PASS,49314,8
PRJNA1130896,United States,SRR29679737,US-S32,5563,SNV,T,C,2386,20276,0.117676,11.7676,T_5563_C,True,True,304,SNV,PASS,35976,55
PRJNA1130896,United States,SRR29679738,US-S30,5531,SNV,T,C,4951,5461,0.90661,90.661,T_5531_C,True,True,294,SNV,PASS,49314,340
PRJNA1130896,United States,SRR29679738,US-S30,5561,SNV,T,C,4323,4820,0.896888,89.6888,T_5561_C,True,True,304,SNV,PASS,49314,206
PRJNA1130896,United States,SRR29679753,US-S39,5540,SNV,T,C,1000,12853,0.077803,7.7802999999999995,T_5540_C,True,True,297,SNV,PASS,14380,932
PRJNA1130896,United States,SRR29679753,US-S39,5561,SNV,T,C,10977,11981,0.916201,91.62010000000001,T_5561_C,True,True,304,SNV,PASS,49314,729
PRJNA1130896,United States,SRR29679753,US-S39,5609,SNV,A,G,7596,8413,0.902888,90.28880000000001,A_5609_G,True,True,320,SNV,PASS,49314,2147483647
PRJNA1130896,United States,SRR29679754,US-S21,5531,SNV,T,C,463,580,0.798276,79.8276,T_5531_C,True,True,294,SNV,PASS,13029,15
PRJNA1130896,United States,SRR29679754,US-S21,5552,SNV,T,C,111,533,0.208255,20.825499999999998,T_5552_C,True,True,301,SNV,PASS,2338,38
PRJNA1130896,United States,SRR29679754,US-S21,5573,SNV,G,A,411,428,0.96028,96.028,G_5573_A,True,True,308,SNV,PASS,13983,0
PRJNA1130896,United States,SRR29679809,US-S36,5540,SNV,T,C,674,6084,0.110782,11.0782,T_5540_C,True,True,297,SNV,PASS,10854,751
PRJNA1130896,United States,SRR29679809,US-S36,5561,SNV,T,C,5131,5799,0.884808,88.4808,T_5561_C,True,True,304,SNV,PASS,49314,585
PRJNA1130896,United States,SRR29679809,US-S36,5609,SNV,A,G,3743,4002,0.935282,93.5282,A_5609_G,True,True,320,SNV,PASS,49314,1294
PRJNA1130896,United States,SRR29679814,US-S02,5531,SNV,T,C,4244,5620,0.75516,75.516,T_5531_C,True,True,294,SNV,PASS,49314,152
PRJNA1130896,United States,SRR29679814,US-S02,5561,SNV,T,C,3142,4503,0.697757,69.7757,T_5561_C,True,True,304,SNV,PASS,49314,360
PRJNA1130896,United States,SRR29679823,US-S07,5531,SNV,T,C,5355,6443,0.831135,83.1135,T_5531_C,True,True,294,SNV,PASS,49314,17
PRJNA1130896,United States,SRR29679823,US-S07,5561,SNV,T,C,4170,5239,0.795953,79.59530000000001,T_5561_C,True,True,304,SNV,PASS,49314,126
PRJNA1130896,United States,SRR29679826,US-S11,5520,SNV,A,T,1090,7364,0.148017,14.8017,A_5520_T,True,True,290,SNV,PASS,14369,44
PRJNA1130896,United States,SRR29679826,US-S11,5544,SNV,C,T,4882,5908,0.826337,82.6337,C_5544_T,True,True,298,SNV,PASS,49314,41
PRJNA1130896,United States,SRR29679826,US-S11,5561,SNV,T,C,3483,4500,0.774,77.4,T_5561_C,True,True,304,SNV,PASS,49314,1
PRJNA1130896,United States,SRR29679830,US-S15,5540,SNV,T,C,4510,4808,0.93802,93.80199999999999,T_5540_C,True,True,297,SNV,PASS,49314,340
PRJNA1130896,United States,SRR29679830,US-S15,5543,SNV,C,A,298,4791,0.0622,6.22,C_5543_A,True,True,298,SNV,PASS,4501,358
PRJNA1130896,United States,SRR29679830,US-S15,5561,SNV,T,C,4019,4306,0.933349,93.3349,T_5561_C,True,True,304,SNV,PASS,49314,293
PRJNA1130896,United States,SRR29679830,US-S15,5609,SNV,A,G,2051,2301,0.891352,89.1352,A_5609_G,True,True,320,SNV,PASS,49314,899
PRJNA1130896,United States,SRR29679833,US-S16,5404,SNV,C,A,343,359,0.955432,95.5432,C_5404_A,True,True,251,SNV,PASS,11225,30
PRJNA1130896,United States,SRR29679833,US-S16,5417,SNV,C,T,16,356,0.044944,4.4944,C_5417_T,True,True,256,SNV,PASS,266,27
PRJNA1130896,United States,SRR29679833,US-S16,5425,SNV,C,A,16,356,0.044944,4.4944,C_5425_A,True,True,258,SNV,PASS,264,27
PRJNA1130896,United States,SRR29679833,US-S16,5448,SNV,A,T,16,292,0.054795,5.479500000000001,A_5448_T,True,True,266,SNV,PASS,163,27
PRJNA1130896,United States,SRR29679833,US-S16,5449,SNV,C,T,16,320,0.05,5.0,C_5449_T,True,True,266,SNV,PASS,253,30
PRJNA1130896,United States,SRR29679833,US-S16,5540,SNV,T,C,918,953,0.963274,96.3274,T_5540_C,True,True,297,SNV,PASS,30944,30
PRJNA1130896,United States,SRR29679833,US-S16,5543,SNV,C,A,34,949,0.035827,3.5827,C_5543_A,True,True,298,SNV,PASS,428,18
PRJNA1130896,United States,SRR29679833,US-S16,5561,SNV,T,C,785,815,0.96319,96.319,T_5561_C,True,True,304,SNV,PASS,25262,35
PRJNA1130896,United States,SRR29679833,US-S16,5609,SNV,A,G,332,401,0.82793,82.793,A_5609_G,True,True,320,SNV,PASS,10545,315
PRJNA1130896,United States,SRR29679834,US-S12,5319,SNV,A,G,1675,1854,0.903452,90.3452,A_5319_G,True,True,223,SNV,PASS,49314,141
PRJNA1130896,United States,SRR29679834,US-S12,5322,SNV,G,A,1723,1928,0.893672,89.3672,G_5322_A,True,True,224,SNV,PASS,49314,4
PRJNA1130896,United States,SRR29679837,US-S17,5531,SNV,T,C,4225,4861,0.869163,86.9163,T_5531_C,True,True,294,SNV,PASS,49314,71
PRJNA1130896,United States,SRR29679837,US-S17,5561,SNV,T,C,3584,4201,0.85313,85.313,T_5561_C,True,True,304,SNV,PASS,49314,16
PRJNA1130896,United States,SRR29679842,US-S19,5531,SNV,T,C,455,522,0.871648,87.1648,T_5531_C,True,True,294,SNV,PASS,12894,37
PRJNA1130896,United States,SRR29679842,US-S19,5561,SNV,T,C,385,447,0.861298,86.1298,T_5561_C,True,True,304,SNV,PASS,11456,25
PRJNA1130896,United States,SRR29679842,US-S19,5574,SNV,A,G,13,376,0.034574,3.4574000000000003,A_5574_G,True,True,308,SNV,PASS,106,37
PRJNA1130896,United States,SRR29679843,US-S13,5319,SNV,A,G,5651,6538,0.864332,86.4332,A_5319_G,True,True,223,SNV,PASS,49314,951
PRJNA1130896,United States,SRR29679843,US-S13,5322,SNV,G,A,6037,7103,0.849923,84.9923,G_5322_A,True,True,224,SNV,PASS,49314,134
PRJNA1130896,United States,SRR29679844,US-S14,5512,SNV,A,G,48,68,0.705882,70.5882,A_5512_G,True,True,287,SNV,PASS,1519,6
PRJNA1130896,United States,SRR29679844,US-S14,5531,SNV,T,C,20,57,0.350877,35.0877,T_5531_C,True,True,294,SNV,PASS,529,13
PRJNA1130896,United States,SRR29679844,US-S14,5533,SNV,C,A,20,57,0.350877,35.0877,C_5533_A,True,True,294,SNV,PASS,509,13
PRJNA1130896,United States,SRR29679844,US-S14,5542,SNV,T,C,20,54,0.37037,37.037,T_5542_C,True,True,297,SNV,PASS,533,14
PRJNA1130896,United States,SRR29679844,US-S14,5549,SNV,C,T,16,36,0.444444,44.4444,C_5549_T,True,True,300,SNV,PASS,449,11
PRJNA1130896,United States,SRR29679844,US-S14,5552,SNV,T,C,16,36,0.444444,44.4444,T_5552_C,True,True,301,SNV,PASS,390,11
PRJNA1130896,United States,SRR29679844,US-S14,5559,SNV,T,C,14,34,0.411765,41.1765,T_5559_C,True,True,303,SNV,PASS,363,12
PRJNA1130896,United States,SRR29679844,US-S14,5572,SNV,C,T,61,66,0.924242,92.4242,C_5572_T,True,True,307,SNV,PASS,1844,19
PRJNA1130896,United States,SRR29679851,US-S22,5531,SNV,T,C,7847,8570,0.915636,91.5636,T_5531_C,True,True,294,SNV,PASS,49314,742
PRJNA1130896,United States,SRR29679851,US-S22,5561,SNV,T,C,6049,6697,0.90324,90.324,T_5561_C,True,True,304,SNV,PASS,49314,605
PRJNA1130896,United States,SRR29679851,US-S22,5609,SNV,A,G,3371,3571,0.943993,94.3993,A_5609_G,True,True,320,SNV,PASS,49314,1153
PRJNA1130896,United States,SRR29679852,US-S27,5531,SNV,T,C,4008,4538,0.883208,88.3208,T_5531_C,True,True,294,SNV,PASS,49314,201
PRJNA1130896,United States,SRR29679852,US-S27,5561,SNV,T,C,3700,4159,0.889637,88.9637,T_5561_C,True,True,304,SNV,PASS,49314,111
PRJNA1130896,United States,SRR29679854,US-S18,5221,SNV,A,C,907,6128,0.148009,14.8009,A_5221_C,True,False,190,SNV,PASS,18253,2
PRJNA1130896,United States,SRR29679854,US-S18,5531,SNV,T,C,2065,2552,0.809169,80.9169,T_5531_C,True,True,294,SNV,PASS,49314,11
PRJNA1130896,United States,SRR29679854,US-S18,5561,SNV,T,C,1797,2275,0.78989,78.989,T_5561_C,True,True,304,SNV,PASS,49314,50
PRJNA1130896,United States,SRR29679864,US-S20,4705,SNV,C,T,2615,2721,0.961044,96.1044,C_4705_T,True,False,18,SNV,PASS,49314,10
PRJNA1130896,United States,SRR29679864,US-S20,4820,SNV,G,A,3878,4047,0.958241,95.8241,G_4820_A,True,False,57,SNV,PASS,49314,50
PRJNA1130896,United States,SRR29679864,US-S20,4984,SNV,C,T,4182,4339,0.963817,96.38170000000001,C_4984_T,True,False,111,SNV,PASS,49314,10
PRJNA1130896,United States,SRR29679864,US-S20,4999,SNV,T,C,110,3321,0.033123,3.3123,T_4999_C,True,False,116,SNV,PASS,1228,3
PRJNA1130896,United States,SRR29679864,US-S20,5010,SNV,C,T,92,2782,0.03307,3.3070000000000004,C_5010_T,True,False,120,SNV,PASS,984,3
PRJNA1130896,United States,SRR29679864,US-S20,5013,SNV,G,T,92,2829,0.03252,3.2520000000000002,G_5013_T,True,False,121,SNV,PASS,1018,1
PRJNA1130896,United States,SRR29679864,US-S20,5531,SNV,T,C,617,703,0.877667,87.7667,T_5531_C,True,True,294,SNV,PASS,17801,20
PRJNA1130896,United States,SRR29679864,US-S20,5561,SNV,T,C,585,654,0.894495,89.4495,T_5561_C,True,True,304,SNV,PASS,17999,9
PRJNA1130896,United States,SRR29679864,US-S20,5574,SNV,A,G,21,605,0.034711,3.4711,A_5574_G,True,True,308,SNV,PASS,157,24
PRJNA1130896,United States,SRR29679874,US-S01,5531,SNV,T,C,908,1072,0.847015,84.7015,T_5531_C,True,True,294,SNV,PASS,25922,7
PRJNA1130896,United States,SRR29679874,US-S01,5561,SNV,T,C,620,767,0.808344,80.83439999999999,T_5561_C,True,True,304,SNV,PASS,18240,1
PRJNA1130896,United States,SRR29679874,US-S01,5609,SNV,A,G,356,372,0.956989,95.6989,A_5609_G,True,True,320,SNV,PASS,11749,52
PRJNA1130896,United States,SRR29692818,US-S50,5322,SNV,G,T,930,961,0.967742,96.7742,G_5322_T,True,True,224,SNV,PASS,28868,9
PRJNA1130896,United States,SRR29692818,US-S50,5531,SNV,T,C,210,253,0.83004,83.004,T_5531_C,True,True,294,SNV,PASS,5754,3
PRJNA1130896,United States,SRR29692818,US-S50,5561,SNV,T,C,177,218,0.811927,81.1927,T_5561_C,True,True,304,SNV,PASS,5171,4
PRJNA1130896,United States,SRR29692818,US-S50,5609,SNV,A,G,97,102,0.95098,95.098,A_5609_G,True,True,320,SNV,PASS,3146,22
PRJNA1130896,United States,SRR29692824,US-S58,5511,SNV,A,C,555,7313,0.075892,7.5892,A_5511_C,True,True,287,SNV,PASS,7173,589
PRJNA1130896,United States,SRR29692824,US-S58,5527,SNV,C,T,6271,6834,0.917618,91.76180000000001,C_5527_T,True,True,292,SNV,PASS,49314,552
PRJNA1130896,United States,SRR29692824,US-S58,5528,SNV,A,G,554,6874,0.080594,8.0594,A_5528_G,True,True,293,SNV,PASS,6606,555
PRJNA1130896,United States,SRR29692824,US-S58,5530,SNV,C,T,6308,6883,0.916461,91.64609999999999,C_5530_T,True,True,293,SNV,PASS,49314,540
PRJNA1130896,United States,SRR29692824,US-S58,5561,SNV,T,C,5735,6292,0.911475,91.14750000000001,T_5561_C,True,True,304,SNV,PASS,49314,544
PRJNA1130896,United States,SRR29692824,US-S58,5572,SNV,C,T,5959,6430,0.92675,92.675,C_5572_T,True,True,307,SNV,PASS,49314,713
PRJNA1130896,United States,SRR29692824,US-S58,5609,SNV,A,G,3875,4407,0.879283,87.92830000000001,A_5609_G,True,True,320,SNV,PASS,49314,2260
PRJNA1130896,United States,SRR29692828,US-S31,5561,SNV,T,C,629,716,0.878492,87.84920000000001,T_5561_C,True,True,304,SNV,PASS,19146,231
PRJNA1130896,United States,SRR29692828,US-S31,5609,SNV,A,G,221,258,0.856589,85.6589,A_5609_G,True,True,320,SNV,PASS,6903,149
PRJNA1130896,United States,SRR29692831,US-S29,5531,SNV,T,C,1353,1663,0.81359,81.35900000000001,T_5531_C,True,True,294,SNV,PASS,38079,29
PRJNA1130896,United States,SRR29692831,US-S29,5561,SNV,T,C,960,1251,0.767386,76.7386,T_5561_C,True,True,304,SNV,PASS,27370,16
PRJNA1130896,United States,SRR29692831,US-S29,5609,SNV,A,G,558,589,0.947368,94.7368,A_5609_G,True,True,320,SNV,PASS,18130,115
PRJNA1130896,United States,SRR29692854,US-S68,5531,SNV,T,C,585,653,0.895865,89.5865,T_5531_C,True,True,294,SNV,PASS,17628,18
PRJNA1130896,United States,SRR29692854,US-S68,5561,SNV,T,C,420,481,0.873181,87.3181,T_5561_C,True,True,304,SNV,PASS,13028,14
PRJNA1130896,United States,SRR29692857,US-S69,5529,SNV,C,T,2230,2476,0.900646,90.0646,C_5529_T,True,True,293,SNV,PASS,49314,279
PRJNA1130896,United States,SRR29692857,US-S69,5531,SNV,T,C,2204,2451,0.899225,89.9225,T_5531_C,True,True,294,SNV,PASS,49314,298
PRJNA1130896,United States,SRR29692857,US-S69,5561,SNV,T,C,1355,1597,0.848466,84.84660000000001,T_5561_C,True,True,304,SNV,PASS,41080,147
PRJNA1130896,United States,SRR29692865,US-S40,4899,SNV,T,A,1174,23721,0.049492,4.9492,T_4899_A,True,False,83,SNV,PASS,13506,21
PRJNA1130896,United States,SRR29692865,US-S40,5531,SNV,T,C,2656,2982,0.890677,89.0677,T_5531_C,True,True,294,SNV,PASS,49314,216
PRJNA1130896,United States,SRR29692865,US-S40,5561,SNV,T,C,1716,2041,0.840764,84.07639999999999,T_5561_C,True,True,304,SNV,PASS,49314,136
PRJNA1130896,United States,SRR29692873,US-S42,5510,SNV,G,A,476,3106,0.153252,15.3252,G_5510_A,True,True,287,SNV,PASS,7585,29
PRJNA1130896,United States,SRR29692873,US-S42,5520,SNV,A,T,479,3293,0.14546,14.546000000000001,A_5520_T,True,True,290,SNV,PASS,7221,21
PRJNA1130896,United States,SRR29692873,US-S42,5530,SNV,C,A,2951,3432,0.859848,85.98479999999999,C_5530_A,True,True,293,SNV,PASS,49314,17
PRJNA1130896,United States,SRR29692873,US-S42,5544,SNV,C,T,2906,3388,0.857733,85.77329999999999,C_5544_T,True,True,298,SNV,PASS,49314,17
PRJNA1130896,United States,SRR29692873,US-S42,5558,SNV,G,A,2655,3132,0.847701,84.7701,G_5558_A,True,True,303,SNV,PASS,49314,57
PRJNA1130896,United States,SRR29692873,US-S42,5563,SNV,T,C,474,2928,0.161885,16.1885,T_5563_C,True,True,304,SNV,PASS,8144,54
PRJNA1130896,United States,SRR29692875,US-S37,5470,SNV,T,C,2508,2681,0.935472,93.5472,T_5470_C,True,True,273,SNV,PASS,49314,2
PRJNA1130896,United States,SRR29692875,US-S37,5531,SNV,T,C,4228,4931,0.857433,85.7433,T_5531_C,True,True,294,SNV,PASS,49314,4
PRJNA1130896,United States,SRR29692875,US-S37,5542,SNV,T,C,644,4914,0.131054,13.1054,T_5542_C,True,True,297,SNV,PASS,10993,30
PRJNA1130896,United States,SRR29692875,US-S37,5561,SNV,T,C,3490,4186,0.833731,83.3731,T_5561_C,True,True,304,SNV,PASS,49314,53
PRJNA1130896,United States,SRR29692880,US-S38,5561,SNV,T,C,3181,3623,0.878002,87.80019999999999,T_5561_C,True,True,304,SNV,PASS,49314,202
PRJNA1130896,United States,SRR29692880,US-S38,5609,SNV,A,G,1953,2074,0.941659,94.16590000000001,A_5609_G,True,True,320,SNV,PASS,49314,442
PRJNA1130896,United States,SRR29692881,US-S34,5294,SNV,C,T,565,15002,0.037662,3.7662,C_5294_T,True,True,215,SNV,PASS,7885,10
PRJNA1130896,United States,SRR29692881,US-S34,5531,SNV,T,C,1368,1654,0.827086,82.7086,T_5531_C,True,True,294,SNV,PASS,38739,73
PRJNA1130896,United States,SRR29692881,US-S34,5561,SNV,T,C,1093,1352,0.808432,80.84320000000001,T_5561_C,True,True,304,SNV,PASS,31629,47
PRJNA1130896,United States,SRR29692881,US-S34,5609,SNV,A,G,539,574,0.939024,93.9024,A_5609_G,True,True,320,SNV,PASS,16966,119
PRJNA1130896,United States,SRR29692884,US-S67,5529,SNV,C,T,63,522,0.12069,12.069,C_5529_T,True,True,293,SNV,PASS,1030,3
PRJNA1130896,United States,SRR29692884,US-S67,5539,SNV,C,T,57,618,0.092233,9.2233,C_5539_T,True,True,296,SNV,PASS,932,3
PRJNA1130896,United States,SRR29692884,US-S67,5573,SNV,G,A,612,653,0.937213,93.7213,G_5573_A,True,True,308,SNV,PASS,19674,0
PRJNA1130896,United States,SRR29692887,US-S66,5531,SNV,T,C,1772,2149,0.82457,82.45700000000001,T_5531_C,True,True,294,SNV,PASS,49314,7
PRJNA1130896,United States,SRR29692887,US-S66,5561,SNV,T,C,1394,1763,0.790698,79.0698,T_5561_C,True,True,304,SNV,PASS,40553,24
PRJNA1130896,United States,SRR29692889,US-S62,5070,SNV,A,T,410,4941,0.082979,8.2979,A_5070_T,True,False,140,SNV,PASS,6982,121
PRJNA1130896,United States,SRR29692889,US-S62,5531,SNV,T,C,2468,2954,0.835477,83.5477,T_5531_C,True,True,294,SNV,PASS,49314,15
PRJNA1130896,United States,SRR29692889,US-S62,5561,SNV,T,C,1865,2345,0.795309,79.5309,T_5561_C,True,True,304,SNV,PASS,49314,0
PRJNA1130896,United States,SRR29692926,US-S55,5561,SNV,T,C,489,554,0.882671,88.2671,T_5561_C,True,True,304,SNV,PASS,14960,66
PRJNA1130896,United States,SRR29692928,US-S56,5512,SNV,A,G,4598,5189,0.886105,88.6105,A_5512_G,True,True,287,SNV,PASS,49314,85
PRJNA1130896,United States,SRR29692928,US-S56,5533,SNV,C,A,579,6453,0.089726,8.9726,C_5533_A,True,True,294,SNV,PASS,8409,71
PRJNA1130896,United States,SRR29692928,US-S56,5559,SNV,T,C,6043,6629,0.911601,91.1601,T_5559_C,True,True,303,SNV,PASS,49314,11
PRJNA1130896,United States,SRR29692928,US-S56,5563,SNV,T,C,562,7100,0.079155,7.915500000000001,T_5563_C,True,True,304,SNV,PASS,7471,4
PRJNA1130896,United States,SRR29692929,US-S44,5531,SNV,T,C,7326,8418,0.870278,87.0278,T_5531_C,True,True,294,SNV,PASS,49314,69
PRJNA1130896,United States,SRR29692929,US-S44,5561,SNV,T,C,6403,7468,0.857392,85.73920000000001,T_5561_C,True,True,304,SNV,PASS,49314,16
PRJNA1130896,United States,SRR29692929,US-S44,5609,SNV,A,G,5386,5628,0.957001,95.70009999999999,A_5609_G,True,True,320,SNV,PASS,49314,1257
PRJNA1130896,United States,SRR29692933,US-S45,5531,SNV,T,C,3886,4791,0.811104,81.1104,T_5531_C,True,True,294,SNV,PASS,49314,31
PRJNA1130896,United States,SRR29692933,US-S45,5561,SNV,T,C,2138,2991,0.714811,71.4811,T_5561_C,True,True,304,SNV,PASS,49314,10
PRJNA1130896,United States,SRR29692935,US-S59,5609,SNV,A,G,328,349,0.939828,93.9828,A_5609_G,True,True,320,SNV,PASS,10726,76
PRJNA1130896,United States,SRR29692936,US-S53,5512,SNV,A,G,449,550,0.816364,81.6364,A_5512_G,True,True,287,SNV,PASS,13334,10
PRJNA1130896,United States,SRR29692936,US-S53,5533,SNV,C,A,101,728,0.138736,13.8736,C_5533_A,True,True,294,SNV,PASS,1752,8
PRJNA1130896,United States,SRR29692936,US-S53,5537,SNV,G,A,101,754,0.133952,13.395199999999999,G_5537_A,True,True,296,SNV,PASS,1657,9
PRJNA1130896,United States,SRR29692936,US-S53,5559,SNV,T,C,619,720,0.859722,85.9722,T_5559_C,True,True,303,SNV,PASS,19352,17
PRJNA1130896,United States,SRR29692936,US-S53,5561,SNV,T,C,590,692,0.852601,85.26010000000001,T_5561_C,True,True,304,SNV,PASS,18180,23
PRJNA1130896,United States,SRR29692936,US-S53,5563,SNV,T,C,101,781,0.129321,12.932099999999998,T_5563_C,True,True,304,SNV,PASS,1440,36
PRJNA1130896,United States,SRR29692939,US-S54,4800,SNV,T,A,1373,11664,0.117713,11.7713,T_4800_A,True,False,50,SNV,PASS,24924,0
PRJNA1130896,United States,SRR29692939,US-S54,5531,SNV,T,C,3464,3862,0.896945,89.6945,T_5531_C,True,True,294,SNV,PASS,49314,112
PRJNA1130896,United States,SRR29692939,US-S54,5561,SNV,T,C,3026,3401,0.889738,88.9738,T_5561_C,True,True,304,SNV,PASS,49314,29
PRJNA1130896,United States,SRR29692943,US-S57,5512,SNV,A,G,4883,6083,0.802729,80.2729,A_5512_G,True,True,287,SNV,PASS,49314,6
PRJNA1130896,United States,SRR29692943,US-S57,5533,SNV,C,A,1319,6975,0.189104,18.9104,C_5533_A,True,True,294,SNV,PASS,24655,20
PRJNA1130896,United States,SRR29692943,US-S57,5537,SNV,G,A,1319,7081,0.186273,18.627299999999998,G_5537_A,True,True,296,SNV,PASS,23550,22
PRJNA1130896,United States,SRR29692943,US-S57,5559,SNV,T,C,4333,5636,0.768808,76.88080000000001,T_5559_C,True,True,303,SNV,PASS,49314,11
PRJNA1130896,United States,SRR29692943,US-S57,5561,SNV,T,C,4080,5375,0.75907,75.907,T_5561_C,True,True,304,SNV,PASS,49314,25
PRJNA1130896,United States,SRR29692943,US-S57,5563,SNV,T,C,1284,5713,0.224751,22.4751,T_5563_C,True,True,304,SNV,PASS,23633,85
PRJNA1130896,United States,SRR29692965,US-S35,5209,SNV,C,T,4608,8951,0.514803,51.4803,C_5209_T,True,False,186,SNV,PASS,49314,4
PRJNA1130896,United States,SRR29692965,US-S35,5512,SNV,A,G,2376,2763,0.859935,85.9935,A_5512_G,True,True,287,SNV,PASS,49314,92
PRJNA1130896,United States,SRR29692965,US-S35,5533,SNV,C,A,381,2863,0.133077,13.3077,C_5533_A,True,True,294,SNV,PASS,6698,105
PRJNA1130896,United States,SRR29692965,US-S35,5559,SNV,T,C,1912,2262,0.84527,84.527,T_5559_C,True,True,303,SNV,PASS,49314,127
PRJNA1130896,United States,SRR29692965,US-S35,5561,SNV,T,C,1808,2152,0.840149,84.0149,T_5561_C,True,True,304,SNV,PASS,49314,114
PRJNA1130896,United States,SRR29692965,US-S35,5563,SNV,T,C,341,2313,0.147428,14.7428,T_5563_C,True,True,304,SNV,PASS,5693,71
PRJNA1130896,United States,SRR29692967,US-S41,5537,SNV,G,A,813,901,0.902331,90.2331,G_5537_A,True,True,296,SNV,PASS,25174,67
PRJNA1130896,United States,SRR29692967,US-S41,5547,SNV,G,A,781,873,0.894616,89.46159999999999,G_5547_A,True,True,299,SNV,PASS,22806,71
PRJNA1130896,United States,SRR29692967,US-S41,5561,SNV,T,C,690,780,0.884615,88.4615,T_5561_C,True,True,304,SNV,PASS,21487,61
PRJNA1130896,United States,SRR29692974,US-S63,5531,SNV,T,C,688,808,0.851485,85.1485,T_5531_C,True,True,294,SNV,PASS,19407,57
PRJNA1130896,United States,SRR29692974,US-S63,5561,SNV,T,C,595,713,0.834502,83.4502,T_5561_C,True,True,304,SNV,PASS,17689,27
PRJNA1130896,United States,SRR29692975,US-S64,5512,SNV,A,G,481,540,0.890741,89.0741,A_5512_G,True,True,287,SNV,PASS,15276,19
PRJNA1130896,United States,SRR29692975,US-S64,5533,SNV,C,A,57,643,0.088647,8.864700000000001,C_5533_A,True,True,294,SNV,PASS,866,19
PRJNA1130896,United States,SRR29692975,US-S64,5559,SNV,T,C,548,602,0.910299,91.0299,T_5559_C,True,True,303,SNV,PASS,17832,3
PRJNA1130896,United States,SRR29692975,US-S64,5561,SNV,T,C,517,571,0.905429,90.5429,T_5561_C,True,True,304,SNV,PASS,16911,1
PRJNA1130896,United States,SRR29692975,US-S64,5562,SNV,A,G,530,584,0.907534,90.7534,A_5562_G,True,True,304,SNV,PASS,17337,0
PRJNA1130896,United States,SRR29692975,US-S64,5563,SNV,T,C,54,649,0.083205,8.320500000000001,T_5563_C,True,True,304,SNV,PASS,499,1
PRJNA1130896,United States,SRR29692977,US-S60,5520,SNV,A,T,438,3372,0.129893,12.9893,A_5520_T,True,True,290,SNV,PASS,5452,23
PRJNA1130896,United States,SRR29692977,US-S60,5544,SNV,C,T,3154,3574,0.882485,88.24849999999999,C_5544_T,True,True,298,SNV,PASS,49314,1
PRJNA1130896,United States,SRR29692977,US-S60,5546,SNV,A,G,3107,3535,0.878925,87.8925,A_5546_G,True,True,299,SNV,PASS,49314,2
PRJNA1130896,United States,SRR29692981,US-S61,5512,SNV,A,G,937,1029,0.910593,91.0593,A_5512_G,True,True,287,SNV,PASS,28801,107
PRJNA1130896,United States,SRR29692981,US-S61,5516,SNV,C,T,963,1060,0.908491,90.8491,C_5516_T,True,True,289,SNV,PASS,28149,102
PRJNA1130896,United States,SRR29692981,US-S61,5533,SNV,C,A,94,1180,0.079661,7.9661,C_5533_A,True,True,294,SNV,PASS,1155,126
PRJNA1130896,United States,SRR29692981,US-S61,5559,SNV,T,C,931,1023,0.910068,91.0068,T_5559_C,True,True,303,SNV,PASS,28879,99
PRJNA1130896,United States,SRR29692981,US-S61,5561,SNV,T,C,887,979,0.906027,90.6027,T_5561_C,True,True,304,SNV,PASS,27703,93
PRJNA1130896,United States,SRR29692981,US-S61,5563,SNV,T,C,91,1111,0.081908,8.1908,T_5563_C,True,True,304,SNV,PASS,1231,63
PRJNA1130896,United States,SRR29692982,US-S47,5266,SNV,A,G,623,731,0.852257,85.2257,A_5266_G,True,True,205,SNV,PASS,18799,3
PRJNA1130896,United States,SRR29692982,US-S47,5512,SNV,A,G,262,318,0.823899,82.38990000000001,A_5512_G,True,True,287,SNV,PASS,7860,15
PRJNA1130896,United States,SRR29692982,US-S47,5533,SNV,C,A,62,341,0.181818,18.1818,C_5533_A,True,True,294,SNV,PASS,1083,3
PRJNA1130896,United States,SRR29692982,US-S47,5537,SNV,G,A,62,343,0.180758,18.0758,G_5537_A,True,True,296,SNV,PASS,1093,4
PRJNA1130896,United States,SRR29692982,US-S47,5559,SNV,T,C,220,283,0.777385,77.7385,T_5559_C,True,True,303,SNV,PASS,6280,4
PRJNA1130896,United States,SRR29692982,US-S47,5561,SNV,T,C,259,321,0.806854,80.6854,T_5561_C,True,True,304,SNV,PASS,7385,12
PRJNA1130896,United States,SRR29692982,US-S47,5563,SNV,T,C,62,399,0.155388,15.5388,T_5563_C,True,True,304,SNV,PASS,960,29
PRJNA1130896,United States,SRR29692984,US-S51,5512,SNV,A,G,1510,1662,0.908544,90.8544,A_5512_G,True,True,287,SNV,PASS,47817,80
PRJNA1130896,United States,SRR29692984,US-S51,5533,SNV,C,A,145,1697,0.085445,8.5445,C_5533_A,True,True,294,SNV,PASS,2271,84
PRJNA1130896,United States,SRR29692984,US-S51,5559,SNV,T,C,1188,1331,0.892562,89.25619999999999,T_5559_C,True,True,303,SNV,PASS,37362,50
PRJNA1130896,United States,SRR29692984,US-S51,5561,SNV,T,C,1108,1251,0.885691,88.5691,T_5561_C,True,True,304,SNV,PASS,35233,46
PRJNA1130896,United States,SRR29692984,US-S51,5563,SNV,T,C,143,1397,0.102362,10.2362,T_5563_C,True,True,304,SNV,PASS,2197,20
PRJNA1130896,United States,SRR29692985,US-S52,5531,SNV,T,C,6958,7630,0.911927,91.1927,T_5531_C,True,True,294,SNV,PASS,49314,287
PRJNA1130896,United States,SRR29692985,US-S52,5561,SNV,T,C,6535,7171,0.911309,91.1309,T_5561_C,True,True,304,SNV,PASS,49314,187
PRJNA1130896,United States,SRR29692985,US-S52,5609,SNV,A,G,5684,5903,0.9629,96.28999999999999,A_5609_G,True,True,320,SNV,PASS,49314,1017
PRJNA1130896,United States,SRR29692989,US-S49,5512,SNV,A,G,1974,2217,0.890392,89.0392,A_5512_G,True,True,287,SNV,PASS,49314,144
PRJNA1130896,United States,SRR29692989,US-S49,5533,SNV,C,A,241,2719,0.088636,8.8636,C_5533_A,True,True,294,SNV,PASS,3674,133
PRJNA1130896,United States,SRR29692989,US-S49,5559,SNV,T,C,2462,2701,0.911514,91.15140000000001,T_5559_C,True,True,303,SNV,PASS,49314,69
PRJNA1130896,United States,SRR29692989,US-S49,5561,SNV,T,C,2373,2613,0.908152,90.81519999999999,T_5561_C,True,True,304,SNV,PASS,49314,63
PRJNA1130896,United States,SRR29692989,US-S49,5563,SNV,T,C,232,2999,0.077359,7.7359,T_5563_C,True,True,304,SNV,PASS,3138,32
PRJNA1130896,United States,SRR29692991,US-S48,5512,SNV,A,G,3610,4382,0.823825,82.38250000000001,A_5512_G,True,True,287,SNV,PASS,49314,40
PRJNA1130896,United States,SRR29692991,US-S48,5533,SNV,C,A,859,5472,0.156981,15.6981,C_5533_A,True,True,294,SNV,PASS,15080,55
PRJNA1130896,United States,SRR29692991,US-S48,5537,SNV,G,A,854,5613,0.152147,15.2147,G_5537_A,True,True,296,SNV,PASS,14088,60
PRJNA1130896,United States,SRR29692991,US-S48,5559,SNV,T,C,4171,5030,0.829225,82.9225,T_5559_C,True,True,303,SNV,PASS,49314,98
PRJNA1130896,United States,SRR29692991,US-S48,5561,SNV,T,C,4013,4871,0.823855,82.38550000000001,T_5561_C,True,True,304,SNV,PASS,49314,116
PRJNA1130896,United States,SRR29692991,US-S48,5563,SNV,T,C,839,5354,0.156705,15.6705,T_5563_C,True,True,304,SNV,PASS,14296,222
PRJNA1130896,United States,SRR29692998,US-S43,5531,SNV,T,C,5057,5555,0.910351,91.0351,T_5531_C,True,True,294,SNV,PASS,49314,151
PRJNA1130896,United States,SRR29692998,US-S43,5561,SNV,T,C,4522,4997,0.904943,90.49430000000001,T_5561_C,True,True,304,SNV,PASS,49314,48
PRJNA1130896,United States,SRR29693057,US-S72,4801,SNV,C,G,32,972,0.032922,3.2922,C_4801_G,True,False,50,SNV,PASS,452,31
PRJNA1130896,United States,SRR29693057,US-S72,5435,SNV,A,G,201,208,0.966346,96.6346,A_5435_G,True,True,262,SNV,PASS,6744,8
PRJNA1130896,United States,SRR29693057,US-S72,5437,SNV,G,A,200,207,0.966184,96.61840000000001,G_5437_A,True,True,262,SNV,PASS,6709,8
PRJNA1130896,United States,SRR29693057,US-S72,5509,SNV,G,A,29,220,0.131818,13.181799999999999,G_5509_A,True,True,286,SNV,PASS,226,0
PRJNA1130896,United States,SRR29693057,US-S72,5531,SNV,T,C,226,256,0.882812,88.2812,T_5531_C,True,True,294,SNV,PASS,6565,0
PRJNA1130896,United States,SRR29693057,US-S72,5561,SNV,T,C,174,204,0.852941,85.2941,T_5561_C,True,True,304,SNV,PASS,5321,0
PRJNA1130896,United States,SRR29693057,US-S72,5590,SNV,T,G,6,150,0.04,4.0,T_5590_G,True,True,313,SNV,PASS,101,0
PRJNA1130896,United States,SRR29693058,US-S71,5432,SNV,C,T,44,631,0.069731,6.9731000000000005,C_5432_T,True,True,261,SNV,PASS,784,4
PRJNA1130896,United States,SRR29693058,US-S71,5531,SNV,T,C,415,558,0.743728,74.3728,T_5531_C,True,True,294,SNV,PASS,10783,87
PRJNA1130896,United States,SRR29693058,US-S71,5561,SNV,T,C,422,562,0.75089,75.089,T_5561_C,True,True,304,SNV,PASS,11781,32
PRJNA1130896,United States,SRR29693058,US-S71,5609,SNV,A,G,241,259,0.930502,93.0502,A_5609_G,True,True,320,SNV,PASS,7909,57
PRJNA1130896,United States,SRR29693059,US-S70,5512,SNV,A,G,2113,2438,0.866694,86.6694,A_5512_G,True,True,287,SNV,PASS,49314,392
PRJNA1130896,United States,SRR29693059,US-S70,5537,SNV,G,A,491,2556,0.192097,19.209699999999998,G_5537_A,True,True,296,SNV,PASS,9612,236
PRJNA1130896,United States,SRR29693059,US-S70,5540,SNV,T,C,492,2314,0.212619,21.2619,T_5540_C,True,True,297,SNV,PASS,10507,188
PRJNA1130896,United States,SRR29693059,US-S70,5549,SNV,C,T,1627,2119,0.767815,76.78150000000001,C_5549_T,True,True,300,SNV,PASS,44256,198
PRJNA1130896,United States,SRR29693059,US-S70,5550,SNV,C,T,491,1879,0.261309,26.1309,C_5550_T,True,True,300,SNV,PASS,10698,125
PRJNA1130896,United States,SRR29693059,US-S70,5559,SNV,T,C,910,1400,0.65,65.0,T_5559_C,True,True,303,SNV,PASS,25059,84
PRJNA1130896,United States,SRR29693059,US-S70,5561,SNV,T,C,820,1311,0.625477,62.54769999999999,T_5561_C,True,True,304,SNV,PASS,22722,72
PRJNA1130896,United States,SRR29693060,US-S65,5520,SNV,A,T,704,4564,0.154251,15.4251,A_5520_T,True,True,290,SNV,PASS,9498,121
PRJNA1130896,United States,SRR29693060,US-S65,5534,SNV,G,A,697,4804,0.145087,14.5087,G_5534_A,True,True,295,SNV,PASS,11744,71
PRJNA1130896,United States,SRR29693060,US-S65,5573,SNV,G,A,3145,3306,0.951301,95.1301,G_5573_A,True,True,308,SNV,PASS,49314,54
